Treatment,CouponID,ProbeDepth,PercentageAtDepth
SulfideOnly,1,0,0
SulfideOnly,1,2.2248,0.00990717
SulfideOnly,1,4.4496,0.0120087
SulfideOnly,1,6.6744,0.0183133
SulfideOnly,1,8.8992,0.0237172
SulfideOnly,1,11.124,0.0357259
SulfideOnly,1,13.3488,0.0537389
SulfideOnly,1,15.5736,0.0882639
SulfideOnly,1,17.7984,0.148758
SulfideOnly,1,20.0232,0.281304
SulfideOnly,1,22.248,0.556303
SulfideOnly,1,24.4728,1.16184
SulfideOnly,1,26.6976,2.6203
SulfideOnly,1,28.9224,5.18055
SulfideOnly,1,31.1472,9.20076
SulfideOnly,1,33.372,14.0376
SulfideOnly,1,35.5968,15.764
SulfideOnly,1,37.8216,14.4358
SulfideOnly,1,40.0464,10.8643
SulfideOnly,1,42.2712,7.64473
SulfideOnly,1,44.496,4.87973
SulfideOnly,1,46.7208,3.41647
SulfideOnly,1,48.9456,2.54284
SulfideOnly,1,51.1704,1.80626
SulfideOnly,1,53.3952,1.33762
SulfideOnly,1,55.62,1.02674
SulfideOnly,1,57.8448,0.71842
SulfideOnly,1,60.0696,0.539641
SulfideOnly,1,62.2944,0.401391
SulfideOnly,1,64.5192,0.299467
SulfideOnly,1,66.744,0.202947
SulfideOnly,1,68.9688,0.149658
SulfideOnly,1,71.1936,0.11003
SulfideOnly,1,73.4184,0.0758049
SulfideOnly,1,75.6432,0.0601936
SulfideOnly,1,77.868,0.0415801
SulfideOnly,1,80.0928,0.0330239
SulfideOnly,1,82.3176,0.0228165
SulfideOnly,1,84.5424,0.0178629
SulfideOnly,1,86.7672,0.0148608
SulfideOnly,1,88.992,0.00960696
SulfideOnly,2,0,0
SulfideOnly,2,0.512812,0.0301438
SulfideOnly,2,1.02562,0.625947
SulfideOnly,2,1.53844,2.83694
SulfideOnly,2,2.05125,5.7553
SulfideOnly,2,2.56406,6.84993
SulfideOnly,2,3.07687,6.40661
SulfideOnly,2,3.58968,6.38354
SulfideOnly,2,4.1025,7.04731
SulfideOnly,2,4.61531,9.74217
SulfideOnly,2,5.12812,14.9921
SulfideOnly,2,5.64093,11.4686
SulfideOnly,2,6.15374,5.63384
SulfideOnly,2,6.66655,3.73993
SulfideOnly,2,7.17937,2.95189
SulfideOnly,2,7.69218,2.40467
SulfideOnly,2,8.20499,2.01457
SulfideOnly,2,8.7178,1.65936
SulfideOnly,2,9.23061,1.38019
SulfideOnly,2,9.74343,1.15174
SulfideOnly,2,10.2562,0.955761
SulfideOnly,2,10.769,0.77132
SulfideOnly,2,11.2819,0.626509
SulfideOnly,2,11.7947,0.496891
SulfideOnly,2,12.3075,0.439095
SulfideOnly,2,12.8203,0.414739
SulfideOnly,2,13.3331,0.350754
SulfideOnly,2,13.8459,0.290466
SulfideOnly,2,14.3587,0.255459
SulfideOnly,2,14.8715,0.230781
SulfideOnly,2,15.3844,0.222461
SulfideOnly,2,15.8972,0.219206
SulfideOnly,2,16.41,0.217196
SulfideOnly,2,16.9228,0.220814
SulfideOnly,2,17.4356,0.231665
SulfideOnly,2,17.9484,0.23054
SulfideOnly,2,18.4612,0.218161
SulfideOnly,2,18.974,0.176241
SulfideOnly,2,19.4869,0.138139
SulfideOnly,2,19.9997,0.110568
SulfideOnly,2,20.5125,0.105624
SulfideOnly,3,0,0
SulfideOnly,3,0.607988,0.0016961
SulfideOnly,3,1.21598,0.00440985
SulfideOnly,3,1.82396,0.0100797
SulfideOnly,3,2.43195,0.00823819
SulfideOnly,3,3.03994,0.0118242
SulfideOnly,3,3.64793,0.0336796
SulfideOnly,3,4.25591,0.49589
SulfideOnly,3,4.8639,7.3899
SulfideOnly,3,5.47189,16.8448
SulfideOnly,3,6.07988,14.5558
SulfideOnly,3,6.68787,11.1852
SulfideOnly,3,7.29585,9.62879
SulfideOnly,3,7.90384,8.27569
SulfideOnly,3,8.51183,7.19741
SulfideOnly,3,9.11982,6.06146
SulfideOnly,3,9.72781,5.30874
SulfideOnly,3,10.3358,4.43205
SulfideOnly,3,10.9438,3.52236
SulfideOnly,3,11.5518,2.41078
SulfideOnly,3,12.1598,0.98771
SulfideOnly,3,12.7677,0.403962
SulfideOnly,3,13.3757,0.305588
SulfideOnly,3,13.9837,0.268129
SulfideOnly,3,14.5917,0.214871
SulfideOnly,3,15.1997,0.160499
SulfideOnly,3,15.8077,0.0911531
SulfideOnly,3,16.4157,0.0503014
SulfideOnly,3,17.0237,0.0258776
SulfideOnly,3,17.6316,0.0201593
SulfideOnly,3,18.2396,0.0184148
SulfideOnly,3,18.8476,0.0137626
SulfideOnly,3,19.4556,0.0116788
SulfideOnly,3,20.0636,0.010322
SulfideOnly,3,20.6716,0.00944968
SulfideOnly,3,21.2796,0.00702669
SulfideOnly,3,21.8876,0.00615441
SulfideOnly,3,22.4955,0.00450677
SulfideOnly,3,23.1035,0.00479753
SulfideOnly,3,23.7115,0.00392525
SulfideOnly,3,24.3195,0.00281068
SulfideOnly,4,0,0
SulfideOnly,4,0.340321,0.200864
SulfideOnly,4,0.680643,0.652996
SulfideOnly,4,1.02096,1.68662
SulfideOnly,4,1.36129,3.72132
SulfideOnly,4,1.70161,6.73283
SulfideOnly,4,2.04193,10.2419
SulfideOnly,4,2.38225,12.9625
SulfideOnly,4,2.72257,13.4227
SulfideOnly,4,3.06289,11.6105
SulfideOnly,4,3.40321,8.81398
SulfideOnly,4,3.74353,6.18048
SulfideOnly,4,4.08386,4.35773
SulfideOnly,4,4.42418,3.27582
SulfideOnly,4,4.7645,2.58695
SulfideOnly,4,5.10482,2.13407
SulfideOnly,4,5.44514,1.78505
SulfideOnly,4,5.78546,1.49325
SulfideOnly,4,6.12578,1.26529
SulfideOnly,4,6.4661,1.08969
SulfideOnly,4,6.80643,0.933558
SulfideOnly,4,7.14675,0.793568
SulfideOnly,4,7.48707,0.658977
SulfideOnly,4,7.82739,0.531574
SulfideOnly,4,8.16771,0.466026
SulfideOnly,4,8.50803,0.402353
SulfideOnly,4,8.84835,0.358029
SulfideOnly,4,9.18868,0.319473
SulfideOnly,4,9.529,0.273217
SulfideOnly,4,9.86932,0.218153
SulfideOnly,4,10.2096,0.164467
SulfideOnly,4,10.55,0.128113
SulfideOnly,4,10.8903,0.103366
SulfideOnly,4,11.2306,0.0881079
SulfideOnly,4,11.5709,0.0719411
SulfideOnly,4,11.9112,0.0636303
SulfideOnly,4,12.2516,0.0542968
SulfideOnly,4,12.5919,0.0480033
SulfideOnly,4,12.9322,0.0391812
SulfideOnly,4,13.2725,0.0356864
SulfideOnly,4,13.6129,0.033044
SulfideOnly,5,0,0
SulfideOnly,5,0.647222,0.0536538
SulfideOnly,5,1.29444,0.919693
SulfideOnly,5,1.94167,5.30481
SulfideOnly,5,2.58889,11.6966
SulfideOnly,5,3.23611,11.6481
SulfideOnly,5,3.88333,8.51896
SulfideOnly,5,4.53056,6.21895
SulfideOnly,5,5.17778,4.83603
SulfideOnly,5,5.825,3.97089
SulfideOnly,5,6.47222,3.35373
SulfideOnly,5,7.11945,2.9339
SulfideOnly,5,7.76667,2.69505
SulfideOnly,5,8.41389,2.46276
SulfideOnly,5,9.06111,2.33179
SulfideOnly,5,9.70834,2.2503
SulfideOnly,5,10.3556,2.12609
SulfideOnly,5,11.0028,2.03503
SulfideOnly,5,11.65,1.9684
SulfideOnly,5,12.2972,1.88772
SulfideOnly,5,12.9444,1.85893
SulfideOnly,5,13.5917,1.77716
SulfideOnly,5,14.2389,1.74305
SulfideOnly,5,14.8861,1.70737
SulfideOnly,5,15.5333,1.65696
SulfideOnly,5,16.1806,1.63069
SulfideOnly,5,16.8278,1.58362
SulfideOnly,5,17.475,1.50526
SulfideOnly,5,18.1222,1.35306
SulfideOnly,5,18.7695,1.20557
SulfideOnly,5,19.4167,1.06984
SulfideOnly,5,20.0639,0.964722
SulfideOnly,5,20.7111,0.852605
SulfideOnly,5,21.3583,0.747288
SulfideOnly,5,22.0056,0.647913
SulfideOnly,5,22.6528,0.582175
SulfideOnly,5,23.3,0.505804
SulfideOnly,5,23.9472,0.406766
SulfideOnly,5,24.5945,0.35421
SulfideOnly,5,25.2417,0.323746
SulfideOnly,5,25.8889,0.305096
SulfideOnly,6,0,0
SulfideOnly,6,0.767282,0.128535
SulfideOnly,6,1.53456,0.823765
SulfideOnly,6,2.30185,2.58196
SulfideOnly,6,3.06913,5.03693
SulfideOnly,6,3.83641,6.08386
SulfideOnly,6,4.60369,5.35403
SulfideOnly,6,5.37098,4.66487
SulfideOnly,6,6.13826,4.43973
SulfideOnly,6,6.90554,4.12005
SulfideOnly,6,7.67282,3.80075
SulfideOnly,6,8.44011,3.59765
SulfideOnly,6,9.20739,3.66581
SulfideOnly,6,9.97467,4.73981
SulfideOnly,6,10.742,7.27911
SulfideOnly,6,11.5092,9.86224
SulfideOnly,6,12.2765,10.8118
SulfideOnly,6,13.0438,8.59768
SulfideOnly,6,13.8111,4.64999
SulfideOnly,6,14.5784,2.17703
SulfideOnly,6,15.3456,1.22391
SulfideOnly,6,16.1129,0.855225
SulfideOnly,6,16.8802,0.683419
SulfideOnly,6,17.6475,0.577932
SulfideOnly,6,18.4148,0.529348
SulfideOnly,6,19.1821,0.483309
SulfideOnly,6,19.9493,0.445869
SulfideOnly,6,20.7166,0.415318
SulfideOnly,6,21.4839,0.384656
SulfideOnly,6,22.2512,0.364376
SulfideOnly,6,23.0185,0.320194
SulfideOnly,6,23.7858,0.282382
SulfideOnly,6,24.553,0.259168
SulfideOnly,6,25.3203,0.230047
SulfideOnly,6,26.0876,0.197863
SulfideOnly,6,26.8549,0.154033
SulfideOnly,6,27.6222,0.111021
SulfideOnly,6,28.3894,0.0521307
SulfideOnly,6,29.1567,0.0122016
SulfideOnly,6,29.924,0.00191288
SulfideOnly,6,30.6913,0.00011143
SulfideOnly,7,0,0
SulfideOnly,7,0.417966,9.23291E-05
SulfideOnly,7,0.835932,0.00022159
SulfideOnly,7,1.2539,0.000295453
SulfideOnly,7,1.67186,0.000517043
SulfideOnly,7,2.08983,0.00142187
SulfideOnly,7,2.5078,0.00448719
SulfideOnly,7,2.92576,0.0194445
SulfideOnly,7,3.34373,0.102264
SulfideOnly,7,3.76169,0.473685
SulfideOnly,7,4.17966,1.57207
SulfideOnly,7,4.59763,3.81526
SulfideOnly,7,5.01559,7.03393
SulfideOnly,7,5.43356,9.88176
SulfideOnly,7,5.85153,11.9215
SulfideOnly,7,6.26949,12.8995
SulfideOnly,7,6.68746,12.6236
SulfideOnly,7,7.10542,10.654
SulfideOnly,7,7.52339,8.07649
SulfideOnly,7,7.94136,5.7887
SulfideOnly,7,8.35932,4.0635
SulfideOnly,7,8.77729,2.99026
SulfideOnly,7,9.19525,2.20655
SulfideOnly,7,9.61322,1.60012
SulfideOnly,7,10.0312,1.12616
SulfideOnly,7,10.4492,0.846529
SulfideOnly,7,10.8671,0.658547
SulfideOnly,7,11.2851,0.521936
SulfideOnly,7,11.7031,0.399176
SulfideOnly,7,12.121,0.298592
SulfideOnly,7,12.539,0.210233
SulfideOnly,7,12.9569,0.118052
SulfideOnly,7,13.3749,0.0574841
SulfideOnly,7,13.7929,0.023747
SulfideOnly,7,14.2108,0.0071832
SulfideOnly,7,14.6288,0.00190198
SulfideOnly,7,15.0468,0.000609372
SulfideOnly,7,15.4647,0.000110795
SulfideOnly,7,15.8827,0.000110795
SulfideOnly,7,16.3007,1.84658E-05
SulfideOnly,7,16.7186,0
SulfideOnly,8,0,0
SulfideOnly,8,0.355385,0.130538
SulfideOnly,8,0.710771,0.532873
SulfideOnly,8,1.06616,1.65748
SulfideOnly,8,1.42154,3.83355
SulfideOnly,8,1.77693,6.75772
SulfideOnly,8,2.13231,9.63739
SulfideOnly,8,2.4877,11.5153
SulfideOnly,8,2.84308,12.1452
SulfideOnly,8,3.19847,12.1032
SulfideOnly,8,3.55385,10.5132
SulfideOnly,8,3.90924,8.34016
SulfideOnly,8,4.26462,5.93
SulfideOnly,8,4.62001,3.89852
SulfideOnly,8,4.9754,2.56898
SulfideOnly,8,5.33078,1.81367
SulfideOnly,8,5.68617,1.34111
SulfideOnly,8,6.04155,1.00498
SulfideOnly,8,6.39694,0.762627
SulfideOnly,8,6.75232,0.597525
SulfideOnly,8,7.10771,0.469706
SulfideOnly,8,7.46309,0.40269
SulfideOnly,8,7.81848,0.365678
SulfideOnly,8,8.17386,0.334187
SulfideOnly,8,8.52925,0.315783
SulfideOnly,8,8.88463,0.291097
SulfideOnly,8,9.24002,0.270784
SulfideOnly,8,9.59541,0.251417
SulfideOnly,8,9.95079,0.228302
SulfideOnly,8,10.3062,0.217951
SulfideOnly,8,10.6616,0.200796
SulfideOnly,8,11.0169,0.191644
SulfideOnly,8,11.3723,0.181142
SulfideOnly,8,11.7277,0.174996
SulfideOnly,8,12.0831,0.169424
SulfideOnly,8,12.4385,0.1611
SulfideOnly,8,12.7939,0.150091
SulfideOnly,8,13.1493,0.140736
SulfideOnly,8,13.5046,0.139858
SulfideOnly,8,13.86,0.147136
SulfideOnly,8,14.2154,0.109752
SulfideOnly,9,0,0
SulfideOnly,9,0.53052,0.1813
SulfideOnly,9,1.06104,1.31487
SulfideOnly,9,1.59156,4.08479
SulfideOnly,9,2.12208,6.99189
SulfideOnly,9,2.6526,8.31742
SulfideOnly,9,3.18312,7.72847
SulfideOnly,9,3.71364,7.2713
SulfideOnly,9,4.24416,7.40607
SulfideOnly,9,4.77468,6.97261
SulfideOnly,9,5.3052,6.35974
SulfideOnly,9,5.83572,6.02892
SulfideOnly,9,6.36624,5.65309
SulfideOnly,9,6.89676,5.02069
SulfideOnly,9,7.42728,4.20418
SulfideOnly,9,7.9578,3.68986
SulfideOnly,9,8.48832,3.26895
SulfideOnly,9,9.01884,2.83625
SulfideOnly,9,9.54936,2.40095
SulfideOnly,9,10.0799,1.9759
SulfideOnly,9,10.6104,1.58944
SulfideOnly,9,11.1409,1.23948
SulfideOnly,9,11.6714,0.902748
SulfideOnly,9,12.202,0.649688
SulfideOnly,9,12.7325,0.512827
SulfideOnly,9,13.263,0.443855
SulfideOnly,9,13.7935,0.409065
SulfideOnly,9,14.324,0.383906
SulfideOnly,9,14.8546,0.352749
SulfideOnly,9,15.3851,0.311538
SulfideOnly,9,15.9156,0.278708
SulfideOnly,9,16.4461,0.240742
SulfideOnly,9,16.9766,0.197199
SulfideOnly,9,17.5072,0.156124
SulfideOnly,9,18.0377,0.121182
SulfideOnly,9,18.5682,0.105232
SulfideOnly,9,19.0987,0.0902951
SulfideOnly,9,19.6292,0.0826916
SulfideOnly,9,20.1598,0.0779606
SulfideOnly,9,20.6903,0.0758823
SulfideOnly,9,21.2208,0.0698334
SulfideOnly,10,0,0
SulfideOnly,10,0.630413,0.00447245
SulfideOnly,10,1.26083,0.0548722
SulfideOnly,10,1.89124,0.504523
SulfideOnly,10,2.52165,2.46278
SulfideOnly,10,3.15207,6.21409
SulfideOnly,10,3.78248,9.85473
SulfideOnly,10,4.41289,11.1907
SulfideOnly,10,5.04331,10.5629
SulfideOnly,10,5.67372,8.78827
SulfideOnly,10,6.30413,6.66554
SulfideOnly,10,6.93455,5.30349
SulfideOnly,10,7.56496,4.45456
SulfideOnly,10,8.19537,3.64203
SulfideOnly,10,8.82579,3.13141
SulfideOnly,10,9.4562,2.78034
SulfideOnly,10,10.0866,2.44011
SulfideOnly,10,10.717,2.08616
SulfideOnly,10,11.3474,1.86049
SulfideOnly,10,11.9779,1.71151
SulfideOnly,10,12.6083,1.61635
SulfideOnly,10,13.2387,1.47326
SulfideOnly,10,13.8691,1.36569
SulfideOnly,10,14.4995,1.28551
SulfideOnly,10,15.1299,1.14578
SulfideOnly,10,15.7603,1.07029
SulfideOnly,10,16.3907,0.978466
SulfideOnly,10,17.0212,0.901384
SulfideOnly,10,17.6516,0.811292
SulfideOnly,10,18.282,0.729483
SulfideOnly,10,18.9124,0.668834
SulfideOnly,10,19.5428,0.616385
SulfideOnly,10,20.1732,0.561157
SulfideOnly,10,20.8036,0.510808
SulfideOnly,10,21.4341,0.479805
SulfideOnly,10,22.0645,0.445178
SulfideOnly,10,22.6949,0.394626
SulfideOnly,10,23.3253,0.351663
SulfideOnly,10,23.9557,0.309988
SulfideOnly,10,24.5861,0.295198
SulfideOnly,10,25.2165,0.269855
SulfideOnly,11,0,0
SulfideOnly,11,0.161344,0.0999025
SulfideOnly,11,0.322687,0.211955
SulfideOnly,11,0.484031,0.460783
SulfideOnly,11,0.645374,0.838388
SulfideOnly,11,0.806718,1.44951
SulfideOnly,11,0.968061,2.32982
SulfideOnly,11,1.1294,3.6536
SulfideOnly,11,1.29075,4.90378
SulfideOnly,11,1.45209,6.33463
SulfideOnly,11,1.61344,7.58844
SulfideOnly,11,1.77478,8.48984
SulfideOnly,11,1.93612,9.21459
SulfideOnly,11,2.09747,8.61995
SulfideOnly,11,2.25881,7.91113
SulfideOnly,11,2.42015,6.8697
SulfideOnly,11,2.5815,5.92742
SulfideOnly,11,2.74284,4.56657
SulfideOnly,11,2.90418,3.62369
SulfideOnly,11,3.06553,2.87837
SulfideOnly,11,3.22687,2.37619
SulfideOnly,11,3.38821,1.85027
SulfideOnly,11,3.54956,1.5303
SulfideOnly,11,3.7109,1.29922
SulfideOnly,11,3.87224,1.09469
SulfideOnly,11,4.03359,0.966573
SulfideOnly,11,4.19493,0.789044
SulfideOnly,11,4.35627,0.673532
SulfideOnly,11,4.51762,0.57827
SulfideOnly,11,4.67896,0.506043
SulfideOnly,11,4.84031,0.414241
SulfideOnly,11,5.00165,0.353051
SulfideOnly,11,5.16299,0.295134
SulfideOnly,11,5.32434,0.249959
SulfideOnly,11,5.48568,0.222907
SulfideOnly,11,5.64702,0.189562
SulfideOnly,11,5.80837,0.165025
SulfideOnly,11,5.96971,0.151001
SulfideOnly,11,6.13105,0.134075
SulfideOnly,11,6.2924,0.109319
SulfideOnly,11,6.45374,0.0764288
SulfideOnly,12,0,0
SulfideOnly,12,0.182515,0.0192731
SulfideOnly,12,0.365029,0.0286263
SulfideOnly,12,0.547544,0.0464307
SulfideOnly,12,0.730058,0.072738
SulfideOnly,12,0.912573,0.122647
SulfideOnly,12,1.09509,0.222156
SulfideOnly,12,1.2776,0.40672
SulfideOnly,12,1.46012,0.748457
SulfideOnly,12,1.64263,1.32327
SulfideOnly,12,1.82515,2.19536
SulfideOnly,12,2.00766,3.60899
SulfideOnly,12,2.19018,5.08259
SulfideOnly,12,2.37269,6.84294
SulfideOnly,12,2.5552,8.43859
SulfideOnly,12,2.73772,9.64702
SulfideOnly,12,2.92023,10.1779
SulfideOnly,12,3.10275,9.95717
SulfideOnly,12,3.28526,9.10109
SulfideOnly,12,3.46778,7.75939
SulfideOnly,12,3.65029,6.3063
SulfideOnly,12,3.83281,4.86742
SulfideOnly,12,4.01532,3.61662
SulfideOnly,12,4.19784,2.6306
SulfideOnly,12,4.38035,1.88423
SulfideOnly,12,4.56287,1.33234
SulfideOnly,12,4.74538,0.926347
SulfideOnly,12,4.92789,0.648407
SulfideOnly,12,5.11041,0.457582
SulfideOnly,12,5.29292,0.329421
SulfideOnly,12,5.47544,0.244882
SulfideOnly,12,5.65795,0.190206
SulfideOnly,12,5.84047,0.152484
SulfideOnly,12,6.02298,0.125121
SulfideOnly,12,6.2055,0.103864
SulfideOnly,12,6.38801,0.0921399
SulfideOnly,12,6.57053,0.0789219
SulfideOnly,12,6.75304,0.0694914
SulfideOnly,12,6.93556,0.0602671
SulfideOnly,12,7.11807,0.046508
SulfideOnly,12,7.30058,0.0343206
SulfideOnly,13,0,0
SulfideOnly,13,0.40338,0.0109641
SulfideOnly,13,0.806761,0.0201474
SulfideOnly,13,1.21014,0.035258
SulfideOnly,13,1.61352,0.0677432
SulfideOnly,13,2.0169,0.157033
SulfideOnly,13,2.42028,0.3682
SulfideOnly,13,2.82366,0.890278
SulfideOnly,13,3.22704,1.89752
SulfideOnly,13,3.63042,3.61458
SulfideOnly,13,4.0338,6.02658
SulfideOnly,13,4.43719,8.70095
SulfideOnly,13,4.84057,11.5765
SulfideOnly,13,5.24395,13.3086
SulfideOnly,13,5.64733,13.1201
SulfideOnly,13,6.05071,11.4098
SulfideOnly,13,6.45409,8.14107
SulfideOnly,13,6.85747,5.39178
SulfideOnly,13,7.26085,3.41604
SulfideOnly,13,7.66423,2.22993
SulfideOnly,13,8.06761,1.69277
SulfideOnly,13,8.47099,1.4021
SulfideOnly,13,8.87437,1.16947
SulfideOnly,13,9.27775,0.99824
SulfideOnly,13,9.68113,0.803151
SulfideOnly,13,10.0845,0.619102
SulfideOnly,13,10.4879,0.453521
SulfideOnly,13,10.8913,0.33083
SulfideOnly,13,11.2947,0.268149
SulfideOnly,13,11.698,0.238539
SulfideOnly,13,12.1014,0.209259
SulfideOnly,13,12.5048,0.192673
SulfideOnly,13,12.9082,0.173161
SulfideOnly,13,13.3116,0.162273
SulfideOnly,13,13.7149,0.147748
SulfideOnly,13,14.1183,0.139811
SulfideOnly,13,14.5217,0.135436
SulfideOnly,13,14.9251,0.134545
SulfideOnly,13,15.3285,0.133858
SulfideOnly,13,15.7318,0.1218
SulfideOnly,13,16.1352,0.0881196
SulfideOnly,14,0,0
SulfideOnly,14,0.369214,0.00724012
SulfideOnly,14,0.738427,0.0129216
SulfideOnly,14,1.10764,0.0237567
SulfideOnly,14,1.47685,0.0338627
SulfideOnly,14,1.84607,0.0660158
SulfideOnly,14,2.21528,0.0618427
SulfideOnly,14,2.5845,0.0684544
SulfideOnly,14,2.95371,0.0908786
SulfideOnly,14,3.32292,0.1714
SulfideOnly,14,3.69214,0.504697
SulfideOnly,14,4.06135,1.56487
SulfideOnly,14,4.43056,3.66147
SulfideOnly,14,4.79978,6.30414
SulfideOnly,14,5.16899,9.29956
SulfideOnly,14,5.53821,12.9995
SulfideOnly,14,5.90742,16.1441
SulfideOnly,14,6.27663,16.5296
SulfideOnly,14,6.64585,12.9312
SulfideOnly,14,7.01506,7.58358
SulfideOnly,14,7.38427,3.74118
SulfideOnly,14,7.75349,1.9625
SulfideOnly,14,8.1227,1.27273
SulfideOnly,14,8.49192,0.944208
SulfideOnly,14,8.86113,0.742615
SulfideOnly,14,9.23034,0.607341
SulfideOnly,14,9.59956,0.512792
SulfideOnly,14,9.96877,0.441949
SulfideOnly,14,10.338,0.366204
SulfideOnly,14,10.7072,0.301043
SulfideOnly,14,11.0764,0.244807
SulfideOnly,14,11.4456,0.196388
SulfideOnly,14,11.8148,0.155311
SulfideOnly,14,12.1841,0.114283
SulfideOnly,14,12.5533,0.0842167
SulfideOnly,14,12.9225,0.0643315
SulfideOnly,14,13.2917,0.0531194
SulfideOnly,14,13.6609,0.0455022
SulfideOnly,14,14.0301,0.0381866
SulfideOnly,14,14.3993,0.0306951
SulfideOnly,14,14.7685,0.0208908
SulfideOnly,15,0,0
SulfideOnly,15,0.768954,0.0499849
SulfideOnly,15,1.53791,0.107686
SulfideOnly,15,2.30686,0.183247
SulfideOnly,15,3.07582,0.423519
SulfideOnly,15,3.84477,2.00259
SulfideOnly,15,4.61372,4.95739
SulfideOnly,15,5.38268,6.18448
SulfideOnly,15,6.15163,7.53331
SulfideOnly,15,6.92059,8.88819
SulfideOnly,15,7.68954,9.68616
SulfideOnly,15,8.45849,9.77651
SulfideOnly,15,9.22745,8.84586
SulfideOnly,15,9.9964,7.45427
SulfideOnly,15,10.7654,6.17713
SulfideOnly,15,11.5343,5.1348
SulfideOnly,15,12.3033,4.13141
SulfideOnly,15,13.0722,3.27595
SulfideOnly,15,13.8412,2.67828
SulfideOnly,15,14.6101,2.17899
SulfideOnly,15,15.3791,1.81652
SulfideOnly,15,16.148,1.52844
SulfideOnly,15,16.917,1.32644
SulfideOnly,15,17.6859,1.16708
SulfideOnly,15,18.4549,0.965822
SulfideOnly,15,19.2239,0.800865
SulfideOnly,15,19.9928,0.631113
SulfideOnly,15,20.7618,0.448327
SulfideOnly,15,21.5307,0.331788
SulfideOnly,15,22.2997,0.290072
SulfideOnly,15,23.0686,0.262682
SulfideOnly,15,23.8376,0.217954
SulfideOnly,15,24.6065,0.190625
SulfideOnly,15,25.3755,0.161913
SulfideOnly,15,26.1444,0.116785
SulfideOnly,15,26.9134,0.0573013
SulfideOnly,15,27.6823,0.015309
SulfideOnly,15,28.4513,0.000952972
SulfideOnly,15,29.2203,0.000122964
SulfideOnly,15,29.9892,9.22231E-05
SulfideOnly,15,30.7582,0
SulfideOnly,16,0,0
SulfideOnly,16,0.24137,0.015209
SulfideOnly,16,0.482741,0.0196282
SulfideOnly,16,0.724111,0.0288396
SulfideOnly,16,0.965482,0.039285
SulfideOnly,16,1.20685,0.0498165
SulfideOnly,16,1.44822,0.0593723
SulfideOnly,16,1.68959,0.0672351
SulfideOnly,16,1.93096,0.0747821
SulfideOnly,16,2.17233,0.0825301
SulfideOnly,16,2.4137,0.091885
SulfideOnly,16,2.65507,0.112891
SulfideOnly,16,2.89645,0.141587
SulfideOnly,16,3.13782,0.204776
SulfideOnly,16,3.37919,0.335774
SulfideOnly,16,3.62056,0.640727
SulfideOnly,16,3.86193,1.19884
SulfideOnly,16,4.1033,2.13
SulfideOnly,16,4.34467,3.51709
SulfideOnly,16,4.58604,5.32919
SulfideOnly,16,4.82741,7.26477
SulfideOnly,16,5.06878,8.98304
SulfideOnly,16,5.31015,10.3365
SulfideOnly,16,5.55152,11.4091
SulfideOnly,16,5.79289,11.5506
SulfideOnly,16,6.03426,10.8463
SulfideOnly,16,6.27563,9.17674
SulfideOnly,16,6.517,6.77955
SulfideOnly,16,6.75837,4.38945
SulfideOnly,16,6.99974,2.46127
SulfideOnly,16,7.24111,1.25503
SulfideOnly,16,7.48248,0.614097
SulfideOnly,16,7.72385,0.302859
SulfideOnly,16,7.96522,0.174157
SulfideOnly,16,8.20659,0.105831
SulfideOnly,16,8.44797,0.0731465
SulfideOnly,16,8.68934,0.049013
SulfideOnly,16,8.93071,0.0344067
SulfideOnly,16,9.17208,0.0251091
SulfideOnly,16,9.41345,0.0186812
SulfideOnly,16,9.65482,0.0108758
SulfideOnly,17,0,0
SulfideOnly,17,0.756281,0.100565
SulfideOnly,17,1.51256,0.50021
SulfideOnly,17,2.26884,5.10463
SulfideOnly,17,3.02512,23.552
SulfideOnly,17,3.7814,34.4123
SulfideOnly,17,4.53769,20.3143
SulfideOnly,17,5.29397,7.44528
SulfideOnly,17,6.05025,2.6072
SulfideOnly,17,6.80653,1.4441
SulfideOnly,17,7.56281,1.0448
SulfideOnly,17,8.31909,0.77842
SulfideOnly,17,9.07537,0.647094
SulfideOnly,17,9.83165,0.540916
SulfideOnly,17,10.5879,0.442585
SulfideOnly,17,11.3442,0.357468
SulfideOnly,17,12.1005,0.27652
SulfideOnly,17,12.8568,0.206362
SulfideOnly,17,13.6131,0.138001
SulfideOnly,17,14.3693,0.0687418
SulfideOnly,17,15.1256,0.0154485
SulfideOnly,17,15.8819,0.00201621
SulfideOnly,17,16.6382,0.000572167
SulfideOnly,17,17.3945,0.000245215
SulfideOnly,17,18.1507,0.000108984
SulfideOnly,17,18.907,8.17E-05
SulfideOnly,17,19.6633,0
SulfideOnly,17,20.4196,0
SulfideOnly,17,21.1759,0
SulfideOnly,17,21.9321,0
SulfideOnly,17,22.6884,0
SulfideOnly,17,23.4447,0
SulfideOnly,17,24.201,0
SulfideOnly,17,24.9573,0
SulfideOnly,17,25.7135,0
SulfideOnly,17,26.4698,0
SulfideOnly,17,27.2261,0
SulfideOnly,17,27.9824,0
SulfideOnly,17,28.7387,0
SulfideOnly,17,29.495,0
SulfideOnly,17,30.2512,0
Methane,18,0,0
Methane,18,3.18155,0.0144291
Methane,18,6.36311,0.0212383
Methane,18,9.54466,0.0309658
Methane,18,12.7262,0.0421524
Methane,18,15.9078,0.0671196
Methane,18,19.0893,0.109921
Methane,18,22.2709,0.204277
Methane,18,25.4524,0.404988
Methane,18,28.634,0.994635
Methane,18,31.8155,2.75369
Methane,18,34.9971,7.7948
Methane,18,38.1787,16.454
Methane,18,41.3602,24.0045
Methane,18,44.5418,21.4835
Methane,18,47.7233,13.2253
Methane,18,50.9049,6.09865
Methane,18,54.0864,2.77882
Methane,18,57.268,1.41567
Methane,18,60.4495,0.811759
Methane,18,63.6311,0.492373
Methane,18,66.8126,0.291014
Methane,18,69.9942,0.17704
Methane,18,73.1758,0.115595
Methane,18,76.3573,0.0661469
Methane,18,79.5389,0.0455571
Methane,18,82.7204,0.0301552
Methane,18,85.902,0.0197792
Methane,18,89.0835,0.0137806
Methane,18,92.2651,0.00729561
Methane,18,95.4466,0.00810624
Methane,18,98.6282,0.00470162
Methane,18,101.81,0.00291825
Methane,18,104.991,0.00421524
Methane,18,108.173,0.00324249
Methane,18,111.354,0.00210762
Methane,18,114.536,0.00178337
Methane,18,117.718,0.00113487
Methane,18,120.899,0.000486374
Methane,18,124.081,0.000810624
Methane,18,127.262,0.00113487
Methane,19,0,0
Methane,19,1.58582,3.21053
Methane,19,3.17164,9.41455
Methane,19,4.75746,11.4748
Methane,19,6.34328,13.1325
Methane,19,7.9291,14.0664
Methane,19,9.51492,13.5849
Methane,19,11.1007,10.6123
Methane,19,12.6866,7.71191
Methane,19,14.2724,5.49643
Methane,19,15.8582,4.24177
Methane,19,17.444,3.23026
Methane,19,19.0298,2.14467
Methane,19,20.6157,1.19692
Methane,19,22.2015,0.309118
Methane,19,23.7873,0.0960956
Methane,19,25.3731,0.0234294
Methane,19,26.959,0.0167353
Methane,19,28.5448,0.0100852
Methane,19,30.1306,0.0077951
Methane,19,31.7164,0.00462421
Methane,19,33.3022,0.00422785
Methane,19,34.8881,0.00317089
Methane,19,36.4739,0.00167353
Methane,19,38.0597,0.000484442
Methane,19,39.6455,0.00105696
Methane,19,41.2313,0.00114504
Methane,19,42.8172,0.000880803
Methane,19,44.403,0.000308281
Methane,19,45.9888,0.00013212
Methane,19,47.5746,8.81E-05
Methane,19,49.1604,0
Methane,19,50.7463,8.81E-05
Methane,19,52.3321,8.81E-05
Methane,19,53.9179,0.000220201
Methane,19,55.5037,0.000176161
Methane,19,57.0895,0.00013212
Methane,19,58.6754,8.81E-05
Methane,19,60.2612,0.000176161
Methane,19,61.847,4.40E-05
Methane,19,63.4328,0
Methane,20,0,0
Methane,20,0.419898,2.13369
Methane,20,0.839795,6.18797
Methane,20,1.25969,6.74415
Methane,20,1.67959,6.58193
Methane,20,2.09949,6.14069
Methane,20,2.51939,5.72176
Methane,20,2.93928,5.13638
Methane,20,3.35918,4.68341
Methane,20,3.77908,4.31977
Methane,20,4.19898,4.05649
Methane,20,4.61887,3.84459
Methane,20,5.03877,3.54005
Methane,20,5.45867,3.33827
Methane,20,5.87857,3.1025
Methane,20,6.29846,2.86488
Methane,20,6.71836,2.71388
Methane,20,7.13826,2.49163
Methane,20,7.55816,2.28778
Methane,20,7.97806,2.1439
Methane,20,8.39795,2.13093
Methane,20,8.81785,1.99373
Methane,20,9.23775,1.92542
Methane,20,9.65765,1.82584
Methane,20,10.0775,1.72001
Methane,20,10.4974,1.66955
Methane,20,10.9173,1.56831
Methane,20,11.3372,1.42922
Methane,20,11.7571,1.2549
Methane,20,12.177,1.11388
Methane,20,12.5969,0.994701
Methane,20,13.0168,0.870513
Methane,20,13.4367,0.71353
Methane,20,13.8566,0.572507
Methane,20,14.2765,0.464372
Methane,20,14.6964,0.399472
Methane,20,15.1163,0.352694
Methane,20,15.5362,0.305181
Methane,20,15.9561,0.254816
Methane,20,16.376,0.216133
Methane,20,16.7959,0.186604
Methane,21,0,0
Methane,21,3.47682,0.0136081
Methane,21,6.95364,0.0293223
Methane,21,10.4305,0.0738727
Methane,21,13.9073,0.235712
Methane,21,17.3841,0.801908
Methane,21,20.8609,2.97613
Methane,21,24.3377,9.51694
Methane,21,27.8146,20.3051
Methane,21,31.2914,26.2574
Methane,21,34.7682,20.3135
Methane,21,38.245,11.3941
Methane,21,41.7219,4.74341
Methane,21,45.1987,1.91988
Methane,21,48.6755,0.797534
Methane,21,52.1523,0.350733
Methane,21,55.6291,0.138997
Methane,21,59.106,0.0583206
Methane,21,62.5828,0.0244622
Methane,21,66.0596,0.0168482
Methane,21,69.5364,0.00826208
Methane,21,73.0132,0.00388804
Methane,21,76.4901,0.00307803
Methane,21,79.9669,0.000810008
Methane,21,83.4437,0.000648006
Methane,21,86.9205,0.000162002
Methane,21,90.3974,0.000810008
Methane,21,93.8742,0
Methane,21,97.351,0.000162002
Methane,21,100.828,0
Methane,21,104.305,0
Methane,21,107.781,0
Methane,21,111.258,0
Methane,21,114.735,0
Methane,21,118.212,0
Methane,21,121.689,0
Methane,21,125.166,0
Methane,21,128.642,0
Methane,21,132.119,0
Methane,21,135.596,0
Methane,21,139.073,0
Methane,22,0,0
Methane,22,1.16051,0.160226
Methane,22,2.32102,2.46432
Methane,22,3.48153,5.70575
Methane,22,4.64204,15.8906
Methane,22,5.80255,25.4697
Methane,22,6.96306,15.2557
Methane,22,8.12356,8.78057
Methane,22,9.28407,6.85284
Methane,22,10.4446,5.17474
Methane,22,11.6051,3.99844
Methane,22,12.7656,2.79082
Methane,22,13.9261,1.91012
Methane,22,15.0866,1.38672
Methane,22,16.2471,1.07958
Methane,22,17.4076,0.84029
Methane,22,18.5681,0.52962
Methane,22,19.7287,0.310085
Methane,22,20.8892,0.224105
Methane,22,22.0497,0.190438
Methane,22,23.2102,0.157913
Methane,22,24.3707,0.137456
Methane,22,25.5312,0.118142
Methane,22,26.6917,0.0986052
Methane,22,27.8522,0.0817994
Methane,22,29.0127,0.0714316
Methane,22,30.1732,0.0601163
Methane,22,31.3337,0.045986
Methane,22,32.4943,0.0387397
Methane,22,33.6548,0.0320509
Methane,22,34.8153,0.0253899
Methane,22,35.9758,0.0245259
Methane,22,37.1363,0.0198994
Methane,22,38.2968,0.0162484
Methane,22,39.4573,0.0149106
Methane,22,40.6178,0.0102841
Methane,22,41.7783,0.00897424
Methane,22,42.9388,0.00819387
Methane,22,44.0994,0.00738564
Methane,22,45.2599,0.00490518
Methane,22,46.4204,0.0022575
Methane,23,0,0
Methane,23,0.807055,0.00123137
Methane,23,1.61411,0.00366407
Methane,23,2.42117,0.336404
Methane,23,3.22822,3.81298
Methane,23,4.03528,8.65519
Methane,23,4.84233,12.5891
Methane,23,5.64939,16.6126
Methane,23,6.45644,16.0723
Methane,23,7.2635,13.6927
Methane,23,8.07055,12.5337
Methane,23,8.87761,8.51575
Methane,23,9.68467,3.81487
Methane,23,10.4917,1.57378
Methane,23,11.2988,0.698035
Methane,23,12.1058,0.429867
Methane,23,12.9129,0.284716
Methane,23,13.7199,0.172752
Methane,23,14.527,0.0929532
Methane,23,15.3341,0.0492247
Methane,23,16.1411,0.0257686
Methane,23,16.9482,0.0138754
Methane,23,17.7552,0.00753837
Methane,23,18.5623,0.00429477
Methane,23,19.3693,0.00237264
Methane,23,20.1764,0.0014416
Methane,23,20.9834,0.000961067
Methane,23,21.7905,0.000780867
Methane,23,22.5976,0.000330367
Methane,23,23.4046,0.000300334
Methane,23,24.2117,0.000150167
Methane,23,25.0187,0.0001802
Methane,23,25.8258,0
Methane,23,26.6328,0
Methane,23,27.4399,9.01E-05
Methane,23,28.2469,0
Methane,23,29.054,0
Methane,23,29.8611,0
Methane,23,30.6681,0
Methane,23,31.4752,0
Methane,23,32.2822,0
Methane,24,0,0
Methane,24,0.62597,0.0122205
Methane,24,1.25194,0.112902
Methane,24,1.87791,0.585543
Methane,24,2.50388,1.71751
Methane,24,3.12985,3.35046
Methane,24,3.75582,5.27994
Methane,24,4.38179,7.42462
Methane,24,5.00776,9.78817
Methane,24,5.63373,12.3727
Methane,24,6.2597,13.4472
Methane,24,6.88567,12.4455
Methane,24,7.51164,10.327
Methane,24,8.13761,7.53391
Methane,24,8.76358,4.72161
Methane,24,9.38955,2.95533
Methane,24,10.0155,2.02704
Methane,24,10.6415,1.46935
Methane,24,11.2675,1.03403
Methane,24,11.8934,0.691396
Methane,24,12.5194,0.474085
Methane,24,13.1454,0.351101
Methane,24,13.7713,0.2811
Methane,24,14.3973,0.241463
Methane,24,15.0233,0.208904
Methane,24,15.6492,0.186947
Methane,24,16.2752,0.167793
Methane,24,16.9012,0.140868
Methane,24,17.5272,0.119431
Methane,24,18.1531,0.105044
Methane,24,18.7791,0.0875368
Methane,24,19.4051,0.0779164
Methane,24,20.031,0.0656093
Methane,24,20.657,0.0563644
Methane,24,21.283,0.0444618
Methane,24,21.9089,0.0341191
Methane,24,22.5349,0.0247588
Methane,24,23.1609,0.0166407
Methane,24,23.7869,0.0106026
Methane,24,24.4128,0.00560467
Methane,24,25.0388,0.00309123
AcetateOnly,25,0,0
AcetateOnly,25,1.0264,0.00118936
AcetateOnly,25,2.05281,0.00221654
AcetateOnly,25,3.07921,0.00464932
AcetateOnly,25,4.10562,0.0358971
AcetateOnly,25,5.13202,0.405923
AcetateOnly,25,6.15843,2.18002
AcetateOnly,25,7.18483,6.60739
AcetateOnly,25,8.21124,12.1071
AcetateOnly,25,9.23764,13.0856
AcetateOnly,25,10.264,11.364
AcetateOnly,25,11.2905,9.76498
AcetateOnly,25,12.3169,8.73596
AcetateOnly,25,13.3433,6.97068
AcetateOnly,25,14.3697,5.2862
AcetateOnly,25,15.3961,4.52017
AcetateOnly,25,16.4225,3.91405
AcetateOnly,25,17.4489,3.36454
AcetateOnly,25,18.4753,2.90499
AcetateOnly,25,19.5017,2.51993
AcetateOnly,25,20.5281,1.98053
AcetateOnly,25,21.5545,1.46827
AcetateOnly,25,22.5809,1.06942
AcetateOnly,25,23.6073,0.769381
AcetateOnly,25,24.6337,0.497666
AcetateOnly,25,25.6601,0.260848
AcetateOnly,25,26.6865,0.0922025
AcetateOnly,25,27.7129,0.040195
AcetateOnly,25,28.7393,0.0206516
AcetateOnly,25,29.7657,0.0105421
AcetateOnly,25,30.7921,0.00556837
AcetateOnly,25,31.8185,0.00245981
AcetateOnly,25,32.845,0.00127045
AcetateOnly,25,33.8714,0.00135155
AcetateOnly,25,34.8978,0.00086499
AcetateOnly,25,35.9242,0.000648742
AcetateOnly,25,36.9506,0.000621711
AcetateOnly,25,37.977,0.00086499
AcetateOnly,25,39.0034,0.000540619
AcetateOnly,25,40.0298,0.000324371
AcetateOnly,25,41.0562,0.000270309
AcetateOnly,26,0,0
AcetateOnly,26,0.490361,0.645715
AcetateOnly,26,0.980722,2.28784
AcetateOnly,26,1.47108,5.34021
AcetateOnly,26,1.96144,9.85418
AcetateOnly,26,2.45181,13.3352
AcetateOnly,26,2.94217,12.3529
AcetateOnly,26,3.43253,9.82257
AcetateOnly,26,3.92289,7.66513
AcetateOnly,26,4.41325,6.0563
AcetateOnly,26,4.90361,4.94061
AcetateOnly,26,5.39397,4.26158
AcetateOnly,26,5.88433,3.6646
AcetateOnly,26,6.37469,3.17109
AcetateOnly,26,6.86505,2.69706
AcetateOnly,26,7.35542,2.34153
AcetateOnly,26,7.84578,1.9657
AcetateOnly,26,8.33614,1.58696
AcetateOnly,26,8.8265,1.24612
AcetateOnly,26,9.31686,1.02242
AcetateOnly,26,9.80722,0.837966
AcetateOnly,26,10.2976,0.706639
AcetateOnly,26,10.7879,0.599179
AcetateOnly,26,11.2783,0.512312
AcetateOnly,26,11.7687,0.429035
AcetateOnly,26,12.259,0.357265
AcetateOnly,26,12.7494,0.292554
AcetateOnly,26,13.2397,0.256986
AcetateOnly,26,13.7301,0.229236
AcetateOnly,26,14.2205,0.205345
AcetateOnly,26,14.7108,0.187781
AcetateOnly,26,15.2012,0.173124
AcetateOnly,26,15.6916,0.161325
AcetateOnly,26,16.1819,0.145935
AcetateOnly,26,16.6723,0.13355
AcetateOnly,26,17.1626,0.115717
AcetateOnly,26,17.653,0.103723
AcetateOnly,26,18.1434,0.0915331
AcetateOnly,26,18.6337,0.0815175
AcetateOnly,26,19.1241,0.0682284
AcetateOnly,26,19.6144,0.0521301
AcetateOnly,27,0,0
AcetateOnly,27,0.676401,0.00292471
AcetateOnly,27,1.3528,0.0873337
AcetateOnly,27,2.0292,0.799117
AcetateOnly,27,2.70561,3.13546
AcetateOnly,27,3.38201,7.46201
AcetateOnly,27,4.05841,11.4976
AcetateOnly,27,4.73481,11.012
AcetateOnly,27,5.41121,10.2968
AcetateOnly,27,6.08761,9.38381
AcetateOnly,27,6.76401,8.23246
AcetateOnly,27,7.44042,6.98226
AcetateOnly,27,8.11682,5.79102
AcetateOnly,27,8.79322,4.69365
AcetateOnly,27,9.46962,4.01085
AcetateOnly,27,10.146,3.45046
AcetateOnly,27,10.8224,2.80206
AcetateOnly,27,11.4988,2.0472
AcetateOnly,27,12.1752,1.5034
AcetateOnly,27,12.8516,1.13215
AcetateOnly,27,13.528,0.864587
AcetateOnly,27,14.2044,0.672659
AcetateOnly,27,14.8808,0.548862
AcetateOnly,27,15.5572,0.470399
AcetateOnly,27,16.2336,0.402555
AcetateOnly,27,16.91,0.350582
AcetateOnly,27,17.5864,0.311889
AcetateOnly,27,18.2628,0.277536
AcetateOnly,27,18.9392,0.244309
AcetateOnly,27,19.6156,0.222661
AcetateOnly,27,20.292,0.19399
AcetateOnly,27,20.9684,0.177352
AcetateOnly,27,21.6448,0.15791
AcetateOnly,27,22.3212,0.138636
AcetateOnly,27,22.9976,0.127872
AcetateOnly,27,23.674,0.117516
AcetateOnly,27,24.3505,0.102652
AcetateOnly,27,25.0269,0.0902824
AcetateOnly,27,25.7033,0.0787754
AcetateOnly,27,26.3797,0.0673402
AcetateOnly,27,27.0561,0.0581346
AcetateOnly,28,0,0
AcetateOnly,28,0.413303,0.0587925
AcetateOnly,28,0.826607,0.113814
AcetateOnly,28,1.23991,0.190457
AcetateOnly,28,1.65321,0.383437
AcetateOnly,28,2.06652,1.10273
AcetateOnly,28,2.47982,2.85045
AcetateOnly,28,2.89312,5.96324
AcetateOnly,28,3.30643,10.2775
AcetateOnly,28,3.71973,14.2065
AcetateOnly,28,4.13303,15.9277
AcetateOnly,28,4.54634,15.0672
AcetateOnly,28,4.95964,12.1871
AcetateOnly,28,5.37295,8.53523
AcetateOnly,28,5.78625,4.66183
AcetateOnly,28,6.19955,2.20664
AcetateOnly,28,6.61286,1.24601
AcetateOnly,28,7.02616,0.863401
AcetateOnly,28,7.43946,0.645788
AcetateOnly,28,7.85277,0.499847
AcetateOnly,28,8.26607,0.427538
AcetateOnly,28,8.67937,0.383682
AcetateOnly,28,9.09268,0.36686
AcetateOnly,28,9.50598,0.333974
AcetateOnly,28,9.91928,0.290339
AcetateOnly,28,10.3326,0.239235
AcetateOnly,28,10.7459,0.185536
AcetateOnly,28,11.1592,0.139452
AcetateOnly,28,11.5725,0.111512
AcetateOnly,28,11.9858,0.0914578
AcetateOnly,28,12.3991,0.0752231
AcetateOnly,28,12.8124,0.0598455
AcetateOnly,28,13.2257,0.0511527
AcetateOnly,28,13.639,0.0470634
AcetateOnly,28,14.0523,0.0417498
AcetateOnly,28,14.4656,0.0366321
AcetateOnly,28,14.8789,0.0320286
AcetateOnly,28,15.2922,0.0286005
AcetateOnly,28,15.7055,0.0261273
AcetateOnly,28,16.1188,0.0231644
AcetateOnly,28,16.5321,0.0204709
AcetateOnly,29,0,0
AcetateOnly,29,0.695432,0.0810792
AcetateOnly,29,1.39086,0.181381
AcetateOnly,29,2.0863,0.643344
AcetateOnly,29,2.78173,2.62328
AcetateOnly,29,3.47716,7.86686
AcetateOnly,29,4.17259,17.0873
AcetateOnly,29,4.86803,24.8435
AcetateOnly,29,5.56346,19.6612
AcetateOnly,29,6.25889,9.37857
AcetateOnly,29,6.95432,4.39738
AcetateOnly,29,7.64976,2.68311
AcetateOnly,29,8.34519,1.99679
AcetateOnly,29,9.04062,1.58848
AcetateOnly,29,9.73605,1.32141
AcetateOnly,29,10.4315,1.19422
AcetateOnly,29,11.1269,1.04301
AcetateOnly,29,11.8224,0.897111
AcetateOnly,29,12.5178,0.748886
AcetateOnly,29,13.2132,0.557269
AcetateOnly,29,13.9086,0.343246
AcetateOnly,29,14.6041,0.158461
AcetateOnly,29,15.2995,0.0801731
AcetateOnly,29,15.9949,0.056273
AcetateOnly,29,16.6904,0.0504204
AcetateOnly,29,17.3858,0.0484859
AcetateOnly,29,18.0812,0.0427557
AcetateOnly,29,18.7767,0.0402335
AcetateOnly,29,19.4721,0.0405273
AcetateOnly,29,20.1675,0.0387397
AcetateOnly,29,20.863,0.0365358
AcetateOnly,29,21.5584,0.0348217
AcetateOnly,29,22.2538,0.0322749
AcetateOnly,29,22.9493,0.0302914
AcetateOnly,29,23.6447,0.0286018
AcetateOnly,29,24.3401,0.0271325
AcetateOnly,29,25.0356,0.0256387
AcetateOnly,29,25.731,0.0239736
AcetateOnly,29,26.4264,0.0236797
AcetateOnly,29,27.1219,0.0219166
AcetateOnly,29,27.8173,0.0212065
AcetateOnly,30,0,0
AcetateOnly,30,0.280711,0.109476
AcetateOnly,30,0.561421,0.181261
AcetateOnly,30,0.842132,0.325648
AcetateOnly,30,1.12284,0.55865
AcetateOnly,30,1.40355,1.07211
AcetateOnly,30,1.68426,1.96753
AcetateOnly,30,1.96497,3.38618
AcetateOnly,30,2.24568,5.39063
AcetateOnly,30,2.52639,7.35235
AcetateOnly,30,2.80711,9.57065
AcetateOnly,30,3.08782,11.7225
AcetateOnly,30,3.36853,12.1711
AcetateOnly,30,3.64924,11.5814
AcetateOnly,30,3.92995,9.27048
AcetateOnly,30,4.21066,6.79604
AcetateOnly,30,4.49137,4.66954
AcetateOnly,30,4.77208,2.96694
AcetateOnly,30,5.05279,2.01014
AcetateOnly,30,5.3335,1.47551
AcetateOnly,30,5.61421,1.13293
AcetateOnly,30,5.89492,0.949045
AcetateOnly,30,6.17563,0.77421
AcetateOnly,30,6.45634,0.644946
AcetateOnly,30,6.73705,0.548144
AcetateOnly,30,7.01776,0.43979
AcetateOnly,30,7.29847,0.361732
AcetateOnly,30,7.57918,0.30999
AcetateOnly,30,7.85989,0.259269
AcetateOnly,30,8.14061,0.237414
AcetateOnly,30,8.42132,0.206966
AcetateOnly,30,8.70203,0.196715
AcetateOnly,30,8.98274,0.189319
AcetateOnly,30,9.26345,0.17254
AcetateOnly,30,9.54416,0.158973
AcetateOnly,30,9.82487,0.156219
AcetateOnly,30,10.1056,0.146503
AcetateOnly,30,10.3863,0.146121
AcetateOnly,30,10.667,0.144106
AcetateOnly,30,10.9477,0.142653
AcetateOnly,30,11.2284,0.102157
SulfideAcetate,31,0,0
SulfideAcetate,31,0.547893,0.00172884
SulfideAcetate,31,1.09579,0.0213046
SulfideAcetate,31,1.64368,0.51296
SulfideAcetate,31,2.19157,4.4691
SulfideAcetate,31,2.73946,12.3824
SulfideAcetate,31,3.28736,14.6946
SulfideAcetate,31,3.83525,12.1288
SulfideAcetate,31,4.38314,9.02701
SulfideAcetate,31,4.93103,7.47646
SulfideAcetate,31,5.47893,6.23129
SulfideAcetate,31,6.02682,5.2516
SulfideAcetate,31,6.57471,4.24749
SulfideAcetate,31,7.1226,3.64147
SulfideAcetate,31,7.6705,3.13337
SulfideAcetate,31,8.21839,2.65571
SulfideAcetate,31,8.76628,2.19935
SulfideAcetate,31,9.31417,1.87943
SulfideAcetate,31,9.86207,1.57375
SulfideAcetate,31,10.41,1.31429
SulfideAcetate,31,10.9579,1.06574
SulfideAcetate,31,11.5057,0.865749
SulfideAcetate,31,12.0536,0.708478
SulfideAcetate,31,12.6015,0.589002
SulfideAcetate,31,13.1494,0.505752
SulfideAcetate,31,13.6973,0.453887
SulfideAcetate,31,14.2452,0.409948
SulfideAcetate,31,14.7931,0.373323
SulfideAcetate,31,15.341,0.329543
SulfideAcetate,31,15.8889,0.292174
SulfideAcetate,31,16.4368,0.246985
SulfideAcetate,31,16.9847,0.217116
SulfideAcetate,31,17.5326,0.18472
SulfideAcetate,31,18.0805,0.16807
SulfideAcetate,31,18.6283,0.144691
SulfideAcetate,31,19.1762,0.130727
SulfideAcetate,31,19.7241,0.122162
SulfideAcetate,31,20.272,0.110247
SulfideAcetate,31,20.8199,0.0965756
SulfideAcetate,31,21.3678,0.0809894
SulfideAcetate,31,21.9157,0.0603498
SulfideAcetate,32,0,0
SulfideAcetate,32,0.710692,0.0348352
SulfideAcetate,32,1.42138,0.446451
SulfideAcetate,32,2.13208,3.46733
SulfideAcetate,32,2.84277,8.84272
SulfideAcetate,32,3.55346,11.1236
SulfideAcetate,32,4.26415,11.0703
SulfideAcetate,32,4.97484,9.60155
SulfideAcetate,32,5.68553,7.99739
SulfideAcetate,32,6.39623,6.49496
SulfideAcetate,32,7.10692,5.18759
SulfideAcetate,32,7.81761,4.20398
SulfideAcetate,32,8.5283,3.55177
SulfideAcetate,32,9.23899,3.06378
SulfideAcetate,32,9.94969,2.75282
SulfideAcetate,32,10.6604,2.51429
SulfideAcetate,32,11.3711,2.29791
SulfideAcetate,32,12.0818,2.0083
SulfideAcetate,32,12.7925,1.78134
SulfideAcetate,32,13.5031,1.61377
SulfideAcetate,32,14.2138,1.47239
SulfideAcetate,32,14.9245,1.31683
SulfideAcetate,32,15.6352,1.21816
SulfideAcetate,32,16.3459,1.09384
SulfideAcetate,32,17.0566,0.990009
SulfideAcetate,32,17.7673,0.853226
SulfideAcetate,32,18.478,0.761234
SulfideAcetate,32,19.1887,0.711179
SulfideAcetate,32,19.8994,0.645357
SulfideAcetate,32,20.6101,0.566649
SulfideAcetate,32,21.3208,0.490151
SulfideAcetate,32,22.0314,0.369407
SulfideAcetate,32,22.7421,0.283349
SulfideAcetate,32,23.4528,0.238359
SulfideAcetate,32,24.1635,0.202704
SulfideAcetate,32,24.8742,0.181575
SulfideAcetate,32,25.5849,0.154263
SulfideAcetate,32,26.2956,0.124567
SulfideAcetate,32,27.0063,0.106194
SulfideAcetate,32,27.717,0.0902288
SulfideAcetate,32,28.4277,0.0738665
SulfideAcetate,33,0,0
SulfideAcetate,33,1.13915,0.0599427
SulfideAcetate,33,2.27831,0.834432
SulfideAcetate,33,3.41746,2.8798
SulfideAcetate,33,4.55661,6.35908
SulfideAcetate,33,5.69577,8.82718
SulfideAcetate,33,6.83492,9.71993
SulfideAcetate,33,7.97407,9.80348
SulfideAcetate,33,9.11323,9.39033
SulfideAcetate,33,10.2524,9.11302
SulfideAcetate,33,11.3915,8.7962
SulfideAcetate,33,12.5307,7.92207
SulfideAcetate,33,13.6698,6.53536
SulfideAcetate,33,14.809,4.73563
SulfideAcetate,33,15.9481,3.25549
SulfideAcetate,33,17.0873,2.25481
SulfideAcetate,33,18.2265,1.44781
SulfideAcetate,33,19.3656,1.0373
SulfideAcetate,33,20.5048,0.772278
SulfideAcetate,33,21.6439,0.603033
SulfideAcetate,33,22.7831,0.516976
SulfideAcetate,33,23.9222,0.495626
SulfideAcetate,33,25.0614,0.468906
SulfideAcetate,33,26.2005,0.422284
SulfideAcetate,33,27.3397,0.387561
SulfideAcetate,33,28.4788,0.371818
SulfideAcetate,33,29.618,0.358471
SulfideAcetate,33,30.7571,0.344651
SulfideAcetate,33,31.8963,0.311639
SulfideAcetate,33,33.0354,0.263964
SulfideAcetate,33,34.1746,0.241061
SulfideAcetate,33,35.3138,0.22724
SulfideAcetate,33,36.4529,0.213682
SulfideAcetate,33,37.5921,0.193886
SulfideAcetate,33,38.7312,0.173194
SulfideAcetate,33,39.8704,0.152423
SulfideAcetate,33,41.0095,0.133048
SulfideAcetate,33,42.1487,0.119175
SulfideAcetate,33,43.2878,0.0991147
SulfideAcetate,33,44.427,0.0862679
SulfideAcetate,33,45.5661,0.0703411
SulfideAcetate,34,0,0
SulfideAcetate,34,0.930759,1.36008
SulfideAcetate,34,1.86152,2.81814
SulfideAcetate,34,2.79228,3.90326
SulfideAcetate,34,3.72303,4.60183
SulfideAcetate,34,4.65379,7.41031
SulfideAcetate,34,5.58455,17.1677
SulfideAcetate,34,6.51531,11.8862
SulfideAcetate,34,7.44607,8.10674
SulfideAcetate,34,8.37683,6.26285
SulfideAcetate,34,9.30759,5.51753
SulfideAcetate,34,10.2383,5.00622
SulfideAcetate,34,11.1691,4.80442
SulfideAcetate,34,12.0999,3.84381
SulfideAcetate,34,13.0306,2.79272
SulfideAcetate,34,13.9614,2.14043
SulfideAcetate,34,14.8921,1.69632
SulfideAcetate,34,15.8229,1.41712
SulfideAcetate,34,16.7537,1.24595
SulfideAcetate,34,17.6844,1.09596
SulfideAcetate,34,18.6152,0.996548
SulfideAcetate,34,19.5459,0.92224
SulfideAcetate,34,20.4767,0.794074
SulfideAcetate,34,21.4074,0.644825
SulfideAcetate,34,22.3382,0.522912
SulfideAcetate,34,23.269,0.434135
SulfideAcetate,34,24.1997,0.367343
SulfideAcetate,34,25.1305,0.314953
SulfideAcetate,34,26.0612,0.281681
SulfideAcetate,34,26.992,0.248454
SulfideAcetate,34,27.9228,0.22297
SulfideAcetate,34,28.8535,0.187486
SulfideAcetate,34,29.7843,0.150829
SulfideAcetate,34,30.715,0.137421
SulfideAcetate,34,31.6458,0.123403
SulfideAcetate,34,32.5765,0.104871
SulfideAcetate,34,33.5073,0.0968581
SulfideAcetate,34,34.4381,0.0923211
SulfideAcetate,34,35.3688,0.0918922
SulfideAcetate,34,36.2996,0.0998151
SulfideAcetate,34,37.2303,0.086204
SulfideAcetate,35,0,0
SulfideAcetate,35,1.02328,0.0270962
SulfideAcetate,35,2.04657,0.769407
SulfideAcetate,35,3.06985,1.51231
SulfideAcetate,35,4.09314,1.55496
SulfideAcetate,35,5.11642,2.30214
SulfideAcetate,35,6.1397,5.61552
SulfideAcetate,35,7.16299,7.53461
SulfideAcetate,35,8.18627,9.65939
SulfideAcetate,35,9.20956,12.8559
SulfideAcetate,35,10.2328,13.4428
SulfideAcetate,35,11.2561,10.8981
SulfideAcetate,35,12.2794,8.8071
SulfideAcetate,35,13.3027,6.60582
SulfideAcetate,35,14.326,4.25698
SulfideAcetate,35,15.3493,3.21893
SulfideAcetate,35,16.3725,2.4191
SulfideAcetate,35,17.3958,1.73529
SulfideAcetate,35,18.4191,1.19998
SulfideAcetate,35,19.4424,0.865325
SulfideAcetate,35,20.4657,0.690566
SulfideAcetate,35,21.489,0.584988
SulfideAcetate,35,22.5123,0.528736
SulfideAcetate,35,23.5355,0.444768
SulfideAcetate,35,24.5588,0.355856
SulfideAcetate,35,25.5821,0.280234
SulfideAcetate,35,26.6054,0.218392
SulfideAcetate,35,27.6287,0.175249
SulfideAcetate,35,28.652,0.152815
SulfideAcetate,35,29.6752,0.131952
SulfideAcetate,35,30.6985,0.125564
SulfideAcetate,35,31.7218,0.119331
SulfideAcetate,35,32.7451,0.112763
SulfideAcetate,35,33.7684,0.110291
SulfideAcetate,35,34.7917,0.113639
SulfideAcetate,35,35.8149,0.110832
SulfideAcetate,35,36.8382,0.106144
SulfideAcetate,35,37.8615,0.100606
SulfideAcetate,35,38.8848,0.0941411
SulfideAcetate,35,39.9081,0.0914366
SulfideAcetate,35,40.9314,0.0691312
SulfideAcetate,36,0,0
SulfideAcetate,36,2.03697,3.7114
SulfideAcetate,36,4.07395,17.3826
SulfideAcetate,36,6.11092,28.3885
SulfideAcetate,36,8.14789,20.4954
SulfideAcetate,36,10.1849,9.56239
SulfideAcetate,36,12.2218,6.15388
SulfideAcetate,36,14.2588,3.92265
SulfideAcetate,36,16.2958,2.52943
SulfideAcetate,36,18.3328,1.54164
SulfideAcetate,36,20.3697,1.08825
SulfideAcetate,36,22.4067,0.794035
SulfideAcetate,36,24.4437,0.631963
SulfideAcetate,36,26.4806,0.465499
SulfideAcetate,36,28.5176,0.390683
SulfideAcetate,36,30.5546,0.293603
SulfideAcetate,36,32.5916,0.237649
SulfideAcetate,36,34.6285,0.212389
SulfideAcetate,36,36.6655,0.190505
SulfideAcetate,36,38.7025,0.180934
SulfideAcetate,36,40.7395,0.164814
SulfideAcetate,36,42.7764,0.147373
SulfideAcetate,36,44.8134,0.1377
SulfideAcetate,36,46.8504,0.128358
SulfideAcetate,36,48.8873,0.115359
SulfideAcetate,36,50.9243,0.107819
SulfideAcetate,36,52.9613,0.103275
SulfideAcetate,36,54.9983,0.100686
SulfideAcetate,36,57.0352,0.0867734
SulfideAcetate,36,59.0722,0.0775578
SulfideAcetate,36,61.1092,0.0692816
SulfideAcetate,36,63.1462,0.0705002
SulfideAcetate,36,65.1831,0.0697386
SulfideAcetate,36,67.2201,0.0644327
SulfideAcetate,36,69.2571,0.0621224
SulfideAcetate,36,71.294,0.0556233
SulfideAcetate,36,73.331,0.0538208
SulfideAcetate,36,75.368,0.0539731
SulfideAcetate,36,77.405,0.051409
SulfideAcetate,36,79.4419,0.0557502
SulfideAcetate,36,81.4789,0.0492257
SulfideAcetate,37,0,0
SulfideAcetate,37,0.347718,0.0385337
SulfideAcetate,37,0.695437,0.0809511
SulfideAcetate,37,1.04316,0.106724
SulfideAcetate,37,1.39087,0.12415
SulfideAcetate,37,1.73859,0.241466
SulfideAcetate,37,2.08631,0.695322
SulfideAcetate,37,2.43403,1.85552
SulfideAcetate,37,2.78175,3.71036
SulfideAcetate,37,3.12947,5.85042
SulfideAcetate,37,3.47718,8.10487
SulfideAcetate,37,3.8249,10.6191
SulfideAcetate,37,4.17262,13.5777
SulfideAcetate,37,4.52034,15.7256
SulfideAcetate,37,4.86806,15.2466
SulfideAcetate,37,5.21578,9.82038
SulfideAcetate,37,5.56349,4.55298
SulfideAcetate,37,5.91121,2.40382
SulfideAcetate,37,6.25893,1.53383
SulfideAcetate,37,6.60665,0.964478
SulfideAcetate,37,6.95437,0.67835
SulfideAcetate,37,7.30209,0.526989
SulfideAcetate,37,7.6498,0.402662
SulfideAcetate,37,7.99752,0.338456
SulfideAcetate,37,8.34524,0.305899
SulfideAcetate,37,8.69296,0.264919
SulfideAcetate,37,9.04068,0.237482
SulfideAcetate,37,9.3884,0.207144
SulfideAcetate,37,9.73611,0.182758
SulfideAcetate,37,10.0838,0.160843
SulfideAcetate,37,10.4316,0.150403
SulfideAcetate,37,10.7793,0.13797
SulfideAcetate,37,11.127,0.127555
SulfideAcetate,37,11.4747,0.124226
SulfideAcetate,37,11.8224,0.124503
SulfideAcetate,37,12.1701,0.129648
SulfideAcetate,37,12.5179,0.124982
SulfideAcetate,37,12.8656,0.122385
SulfideAcetate,37,13.2133,0.131968
SulfideAcetate,37,13.561,0.154034
SulfideAcetate,37,13.9087,0.111213
SulfideAcetate,38,0,0
SulfideAcetate,38,0.374694,0.0309325
SulfideAcetate,38,0.749388,0.0776009
SulfideAcetate,38,1.12408,0.0799294
SulfideAcetate,38,1.49878,0.0708849
SulfideAcetate,38,1.87347,0.0717428
SulfideAcetate,38,2.24816,0.0750272
SulfideAcetate,38,2.62286,0.0876748
SulfideAcetate,38,2.99755,0.105984
SulfideAcetate,38,3.37225,0.129588
SulfideAcetate,38,3.74694,0.178266
SulfideAcetate,38,4.12164,0.251798
SulfideAcetate,38,4.49633,0.426535
SulfideAcetate,38,4.87102,0.808878
SulfideAcetate,38,5.24572,1.81622
SulfideAcetate,38,5.62041,3.91595
SulfideAcetate,38,5.99511,7.89338
SulfideAcetate,38,6.3698,12.7017
SulfideAcetate,38,6.74449,17.1592
SulfideAcetate,38,7.11919,17.8714
SulfideAcetate,38,7.49388,14.4992
SulfideAcetate,38,7.86858,9.92058
SulfideAcetate,38,8.24327,5.52528
SulfideAcetate,38,8.61796,2.89155
SulfideAcetate,38,8.99266,1.41231
SulfideAcetate,38,9.36735,0.738409
SulfideAcetate,38,9.74205,0.388397
SulfideAcetate,38,10.1167,0.238857
SulfideAcetate,38,10.4914,0.144294
SulfideAcetate,38,10.8661,0.10221
SulfideAcetate,38,11.2408,0.0714732
SulfideAcetate,38,11.6155,0.0577472
SulfideAcetate,38,11.9902,0.0435555
SulfideAcetate,38,12.3649,0.0387759
SulfideAcetate,38,12.7396,0.0314717
SulfideAcetate,38,13.1143,0.0302217
SulfideAcetate,38,13.489,0.0263
SulfideAcetate,38,13.8637,0.0253196
SulfideAcetate,38,14.2384,0.0219371
SulfideAcetate,38,14.6131,0.020687
SulfideAcetate,38,14.9878,0.0183095
SulfideAcetate,39,0,0
SulfideAcetate,39,0.322175,0.0276346
SulfideAcetate,39,0.64435,0.0522886
SulfideAcetate,39,0.966525,0.0983027
SulfideAcetate,39,1.2887,0.207037
SulfideAcetate,39,1.61087,0.565214
SulfideAcetate,39,1.93305,1.70268
SulfideAcetate,39,2.25522,4.11603
SulfideAcetate,39,2.5774,7.41288
SulfideAcetate,39,2.89957,9.69944
SulfideAcetate,39,3.22175,10.5583
SulfideAcetate,39,3.54392,10.7701
SulfideAcetate,39,3.8661,10.4607
SulfideAcetate,39,4.18827,10.5233
SulfideAcetate,39,4.51045,10.0836
SulfideAcetate,39,4.83262,7.7205
SulfideAcetate,39,5.1548,4.89793
SulfideAcetate,39,5.47697,2.76306
SulfideAcetate,39,5.79915,1.61985
SulfideAcetate,39,6.12132,1.10159
SulfideAcetate,39,6.4435,0.785192
SulfideAcetate,39,6.76567,0.578286
SulfideAcetate,39,7.08785,0.443355
SulfideAcetate,39,7.41002,0.367615
SulfideAcetate,39,7.7322,0.323222
SulfideAcetate,39,8.05437,0.30832
SulfideAcetate,39,8.37655,0.278829
SulfideAcetate,39,8.69872,0.270568
SulfideAcetate,39,9.0209,0.248659
SulfideAcetate,39,9.34307,0.238096
SulfideAcetate,39,9.66525,0.218776
SulfideAcetate,39,9.98742,0.19888
SulfideAcetate,39,10.3096,0.189599
SulfideAcetate,39,10.6318,0.178147
SulfideAcetate,39,10.9539,0.1645
SulfideAcetate,39,11.2761,0.157206
SulfideAcetate,39,11.5983,0.15148
SulfideAcetate,39,11.9205,0.14267
SulfideAcetate,39,12.2426,0.138382
SulfideAcetate,39,12.5648,0.134826
SulfideAcetate,39,12.887,0.100917
SulfideAcetate,40,0,0
SulfideAcetate,40,0.985362,0.112141
SulfideAcetate,40,1.97072,0.990364
SulfideAcetate,40,2.95609,6.32498
SulfideAcetate,40,3.94145,10.2396
SulfideAcetate,40,4.92681,10.9841
SulfideAcetate,40,5.91217,12.7874
SulfideAcetate,40,6.89753,15.2501
SulfideAcetate,40,7.88289,14.0491
SulfideAcetate,40,8.86826,8.41658
SulfideAcetate,40,9.85362,3.72843
SulfideAcetate,40,10.839,2.12789
SulfideAcetate,40,11.8243,1.48027
SulfideAcetate,40,12.8097,1.17818
SulfideAcetate,40,13.7951,1.00942
SulfideAcetate,40,14.7804,0.895838
SulfideAcetate,40,15.7658,0.819651
SulfideAcetate,40,16.7512,0.739052
SulfideAcetate,40,17.7365,0.622656
SulfideAcetate,40,18.7219,0.561995
SulfideAcetate,40,19.7072,0.467108
SulfideAcetate,40,20.6926,0.387077
SulfideAcetate,40,21.678,0.339698
SulfideAcetate,40,22.6633,0.335262
SulfideAcetate,40,23.6487,0.34741
SulfideAcetate,40,24.634,0.369023
SulfideAcetate,40,25.6194,0.393422
SulfideAcetate,40,26.6048,0.448177
SulfideAcetate,40,27.5901,0.483924
SulfideAcetate,40,28.5755,0.511933
SulfideAcetate,40,29.5609,0.508348
SulfideAcetate,40,30.5462,0.491403
SulfideAcetate,40,31.5316,0.462208
SulfideAcetate,40,32.5169,0.429066
SulfideAcetate,40,33.5023,0.385323
SulfideAcetate,40,34.4877,0.351124
SulfideAcetate,40,35.473,0.300753
SulfideAcetate,40,36.4584,0.247004
SulfideAcetate,40,37.4437,0.187013
SulfideAcetate,40,38.4291,0.141672
SulfideAcetate,40,39.4145,0.0937001
SulfideAcetate,41,0,0
SulfideAcetate,41,1.27903,0.0236418
SulfideAcetate,41,2.55807,0.0331725
SulfideAcetate,41,3.8371,0.0397444
SulfideAcetate,41,5.11614,0.0476535
SulfideAcetate,41,6.39517,0.0598585
SulfideAcetate,41,7.6742,0.122164
SulfideAcetate,41,8.95324,1.68173
SulfideAcetate,41,10.2323,8.08488
SulfideAcetate,41,11.5113,14.4897
SulfideAcetate,41,12.7903,16.3455
SulfideAcetate,41,14.0694,14.6393
SulfideAcetate,41,15.3484,14.5342
SulfideAcetate,41,16.6274,14.8777
SulfideAcetate,41,17.9065,11.2702
SulfideAcetate,41,19.1855,3.08374
SulfideAcetate,41,20.4645,0.283588
SulfideAcetate,41,21.7436,0.052177
SulfideAcetate,41,23.0226,0.0407117
SulfideAcetate,41,24.3016,0.0380943
SulfideAcetate,41,25.5807,0.0385495
SulfideAcetate,41,26.8597,0.0337984
SulfideAcetate,41,28.1387,0.0285636
SulfideAcetate,41,29.4178,0.0246091
SulfideAcetate,41,30.6968,0.0218495
SulfideAcetate,41,31.9758,0.0188338
SulfideAcetate,41,33.2549,0.0172975
SulfideAcetate,41,34.5339,0.0162164
SulfideAcetate,41,35.8129,0.0122619
SulfideAcetate,41,37.092,0.0110101
SulfideAcetate,41,38.371,0.0090186
SulfideAcetate,41,39.65,0.00657192
SulfideAcetate,41,40.9291,0.00429593
SulfideAcetate,41,42.2081,0.00315793
SulfideAcetate,41,43.4872,0.00270274
SulfideAcetate,41,44.7662,0.00190614
SulfideAcetate,41,46.0452,0.000910395
SulfideAcetate,41,47.3243,0.000597447
SulfideAcetate,41,48.6033,8.53E-05
SulfideAcetate,41,49.8823,0
SulfideAcetate,41,51.1614,0
SulfideAcetate,42,0,0
SulfideAcetate,42,0.903847,0.0733647
SulfideAcetate,42,1.80769,0.235044
SulfideAcetate,42,2.71154,1.24494
SulfideAcetate,42,3.61539,7.00231
SulfideAcetate,42,4.51923,12.2052
SulfideAcetate,42,5.42308,13.4179
SulfideAcetate,42,6.32693,12.4619
SulfideAcetate,42,7.23077,9.66424
SulfideAcetate,42,8.13462,7.12645
SulfideAcetate,42,9.03847,5.32426
SulfideAcetate,42,9.94231,4.2992
SulfideAcetate,42,10.8462,3.79288
SulfideAcetate,42,11.75,3.42598
SulfideAcetate,42,12.6539,3.08823
SulfideAcetate,42,13.5577,2.77642
SulfideAcetate,42,14.4615,2.43729
SulfideAcetate,42,15.3654,2.16402
SulfideAcetate,42,16.2692,1.88032
SulfideAcetate,42,17.1731,1.49004
SulfideAcetate,42,18.0769,1.16862
SulfideAcetate,42,18.9808,0.871305
SulfideAcetate,42,19.8846,0.694118
SulfideAcetate,42,20.7885,0.582023
SulfideAcetate,42,21.6923,0.489346
SulfideAcetate,42,22.5962,0.422179
SulfideAcetate,42,23.5,0.356369
SulfideAcetate,42,24.4039,0.283404
SulfideAcetate,42,25.3077,0.218019
SulfideAcetate,42,26.2116,0.147554
SulfideAcetate,42,27.1154,0.0946186
SulfideAcetate,42,28.0193,0.0777804
SulfideAcetate,42,28.9231,0.0728327
SulfideAcetate,42,29.8269,0.0649855
SulfideAcetate,42,30.7308,0.0608091
SulfideAcetate,42,31.6346,0.0533344
SulfideAcetate,42,32.5385,0.0485462
SulfideAcetate,42,33.4423,0.04703
SulfideAcetate,42,34.3462,0.0537068
SulfideAcetate,42,35.25,0.0503285
SulfideAcetate,42,36.1539,0.0324528
MediaControls,43,0,0
MediaControls,43,1.5244,8.95156
MediaControls,43,3.0488,10.1985
MediaControls,43,4.5732,11.9086
MediaControls,43,6.0976,11.0211
MediaControls,43,7.622,8.99607
MediaControls,43,9.1464,8.00127
MediaControls,43,10.6708,6.82178
MediaControls,43,12.1952,5.39289
MediaControls,43,13.7196,4.83162
MediaControls,43,15.244,4.22445
MediaControls,43,16.7684,3.4243
MediaControls,43,18.2928,3.03998
MediaControls,43,19.8172,2.55889
MediaControls,43,21.3416,1.96914
MediaControls,43,22.866,1.70676
MediaControls,43,24.3904,1.35811
MediaControls,43,25.9148,0.995079
MediaControls,43,27.4392,0.847711
MediaControls,43,28.9636,0.685689
MediaControls,43,30.488,0.490765
MediaControls,43,32.0124,0.458416
MediaControls,43,33.5368,0.325979
MediaControls,43,35.0612,0.286994
MediaControls,43,36.5856,0.237779
MediaControls,43,38.11,0.181376
MediaControls,43,39.6344,0.165063
MediaControls,43,41.1588,0.141285
MediaControls,43,42.6832,0.110042
MediaControls,43,44.2076,0.089029
MediaControls,43,45.732,0.0851582
MediaControls,43,47.2564,0.0666335
MediaControls,43,48.7808,0.0638686
MediaControls,43,50.3052,0.055021
MediaControls,43,51.8296,0.0481088
MediaControls,43,53.354,0.0467264
MediaControls,43,54.8784,0.0450675
MediaControls,43,56.4028,0.0423026
MediaControls,43,57.9272,0.0580624
MediaControls,43,59.4516,0.043685
MediaControls,43,60.976,0.0240544
MediaControls,44,0,0
MediaControls,44,0.534172,0.0252437
MediaControls,44,1.06834,0.207297
MediaControls,44,1.60252,1.22713
MediaControls,44,2.13669,4.35285
MediaControls,44,2.67086,8.59385
MediaControls,44,3.20503,10.3168
MediaControls,44,3.73921,9.58802
MediaControls,44,4.27338,8.28146
MediaControls,44,4.80755,7.19234
MediaControls,44,5.34172,6.19926
MediaControls,44,5.8759,5.09769
MediaControls,44,6.41007,4.28234
MediaControls,44,6.94424,3.64329
MediaControls,44,7.47841,3.19233
MediaControls,44,8.01258,2.85659
MediaControls,44,8.54676,2.60739
MediaControls,44,9.08093,2.34862
MediaControls,44,9.6151,2.12805
MediaControls,44,10.1493,1.96992
MediaControls,44,10.6834,1.80928
MediaControls,44,11.2176,1.6319
MediaControls,44,11.7518,1.48438
MediaControls,44,12.286,1.32007
MediaControls,44,12.8201,1.19739
MediaControls,44,13.3543,1.11285
MediaControls,44,13.8885,1.01528
MediaControls,44,14.4227,0.928964
MediaControls,44,14.9568,0.855334
MediaControls,44,15.491,0.779497
MediaControls,44,16.0252,0.701957
MediaControls,44,16.5593,0.618884
MediaControls,44,17.0935,0.531608
MediaControls,44,17.6277,0.451381
MediaControls,44,18.1619,0.368441
MediaControls,44,18.696,0.307926
MediaControls,44,19.2302,0.240361
MediaControls,44,19.7644,0.185192
MediaControls,44,20.2985,0.145584
MediaControls,44,20.8327,0.114222
MediaControls,44,21.3669,0.0871161
MediaControls,45,0,0
MediaControls,45,0.778635,0.902928
MediaControls,45,1.55727,3.90555
MediaControls,45,2.3359,7.33388
MediaControls,45,3.11454,9.67049
MediaControls,45,3.89317,9.70742
MediaControls,45,4.67181,9.20727
MediaControls,45,5.45044,8.23226
MediaControls,45,6.22908,7.52289
MediaControls,45,7.00771,6.47916
MediaControls,45,7.78635,5.33184
MediaControls,45,8.56498,4.65277
MediaControls,45,9.34362,3.99557
MediaControls,45,10.1223,3.56831
MediaControls,45,10.9009,3.22781
MediaControls,45,11.6795,2.81881
MediaControls,45,12.4582,2.33589
MediaControls,45,13.2368,1.96184
MediaControls,45,14.0154,1.51131
MediaControls,45,14.7941,1.19136
MediaControls,45,15.5727,0.962251
MediaControls,45,16.3513,0.818593
MediaControls,45,17.13,0.695324
MediaControls,45,17.9086,0.621095
MediaControls,45,18.6872,0.54588
MediaControls,45,19.4659,0.464703
MediaControls,45,20.2445,0.385825
MediaControls,45,21.0231,0.321929
MediaControls,45,21.8018,0.274102
MediaControls,45,22.5804,0.225416
MediaControls,45,23.359,0.193885
MediaControls,45,24.1377,0.162961
MediaControls,45,24.9163,0.147018
MediaControls,45,25.695,0.124381
MediaControls,45,26.4736,0.10619
MediaControls,45,27.2522,0.0908284
MediaControls,45,28.0309,0.0835268
MediaControls,45,28.8095,0.0758714
MediaControls,45,29.5881,0.0653106
MediaControls,45,30.3668,0.0495451
MediaControls,45,31.1454,0.0274633
MediaControls,46,0,0
MediaControls,46,0.346711,0.0385695
MediaControls,46,0.693421,0.059907
MediaControls,46,1.04013,0.107838
MediaControls,46,1.38684,0.203935
MediaControls,46,1.73355,0.411243
MediaControls,46,2.08026,0.860506
MediaControls,46,2.42697,1.74572
MediaControls,46,2.77368,3.29099
MediaControls,46,3.1204,5.41163
MediaControls,46,3.46711,8.11854
MediaControls,46,3.81382,10.3982
MediaControls,46,4.16053,11.7244
MediaControls,46,4.50724,11.8268
MediaControls,46,4.85395,10.6529
MediaControls,46,5.20066,8.59052
MediaControls,46,5.54737,6.39007
MediaControls,46,5.89408,4.52783
MediaControls,46,6.24079,3.3646
MediaControls,46,6.5875,2.51319
MediaControls,46,6.93421,1.89744
MediaControls,46,7.28092,1.49088
MediaControls,46,7.62763,1.18423
MediaControls,46,7.97434,0.960839
MediaControls,46,8.32105,0.770685
MediaControls,46,8.66777,0.608824
MediaControls,46,9.01448,0.507261
MediaControls,46,9.36119,0.411897
MediaControls,46,9.7079,0.332692
MediaControls,46,10.0546,0.265568
MediaControls,46,10.4013,0.223703
MediaControls,46,10.748,0.187801
MediaControls,46,11.0947,0.155769
MediaControls,46,11.4415,0.134876
MediaControls,46,11.7882,0.122978
MediaControls,46,12.1349,0.108309
MediaControls,46,12.4816,0.0979013
MediaControls,46,12.8283,0.0880432
MediaControls,46,13.175,0.0798847
MediaControls,46,13.5217,0.0760408
MediaControls,46,13.8684,0.0559324
MediaControls,47,0,0
MediaControls,47,0.258929,0.0102853
MediaControls,47,0.517858,0.014172
MediaControls,47,0.776788,0.0230031
MediaControls,47,1.03572,0.0330239
MediaControls,47,1.29465,0.0551016
MediaControls,47,1.55358,0.093916
MediaControls,47,1.8125,0.190846
MediaControls,47,2.07143,0.391687
MediaControls,47,2.33036,0.770682
MediaControls,47,2.58929,1.51857
MediaControls,47,2.84822,2.59861
MediaControls,47,3.10715,4.14425
MediaControls,47,3.36608,6.11829
MediaControls,47,3.62501,7.87509
MediaControls,47,3.88394,9.51206
MediaControls,47,4.14287,10.0119
MediaControls,47,4.4018,9.801
MediaControls,47,4.66073,9.1116
MediaControls,47,4.91965,7.60474
MediaControls,47,5.17858,6.26477
MediaControls,47,5.43751,4.77224
MediaControls,47,5.69644,3.66071
MediaControls,47,5.95537,2.87092
MediaControls,47,6.2143,2.21385
MediaControls,47,6.47323,1.81592
MediaControls,47,6.73216,1.48946
MediaControls,47,6.99109,1.241
MediaControls,47,7.25002,1.07411
MediaControls,47,7.50895,0.876073
MediaControls,47,7.76788,0.747018
MediaControls,47,8.02681,0.601279
MediaControls,47,8.28573,0.497871
MediaControls,47,8.54466,0.425663
MediaControls,47,8.80359,0.348166
MediaControls,47,9.06252,0.309405
MediaControls,47,9.32145,0.252611
MediaControls,47,9.58038,0.224452
MediaControls,47,9.83931,0.195077
MediaControls,47,10.0982,0.146585
MediaControls,47,10.3572,0.0929377
MediaControls,48,0,0
MediaControls,48,0.180874,0.0182235
MediaControls,48,0.361747,0.0345501
MediaControls,48,0.542621,0.0654251
MediaControls,48,0.723494,0.133966
MediaControls,48,0.904368,0.276689
MediaControls,48,1.08524,0.518845
MediaControls,48,1.26611,0.962102
MediaControls,48,1.44699,1.7353
MediaControls,48,1.62786,2.6919
MediaControls,48,1.80874,4.02553
MediaControls,48,1.98961,5.77766
MediaControls,48,2.17048,7.17584
MediaControls,48,2.35136,8.55381
MediaControls,48,2.53223,9.8385
MediaControls,48,2.7131,9.88159
MediaControls,48,2.89398,9.58827
MediaControls,48,3.07485,9.00659
MediaControls,48,3.25572,7.42101
MediaControls,48,3.4366,6.09788
MediaControls,48,3.61747,4.43229
MediaControls,48,3.79834,3.18999
MediaControls,48,3.97922,2.25932
MediaControls,48,4.16009,1.46748
MediaControls,48,4.34097,0.996636
MediaControls,48,4.52184,0.719947
MediaControls,48,4.70271,0.510614
MediaControls,48,4.88359,0.402323
MediaControls,48,5.06446,0.348685
MediaControls,48,5.24533,0.283548
MediaControls,48,5.42621,0.246237
MediaControls,48,5.60708,0.215921
MediaControls,48,5.78795,0.184623
MediaControls,48,5.96883,0.162995
MediaControls,48,6.1497,0.150547
MediaControls,48,6.33057,0.128615
MediaControls,48,6.51145,0.116336
MediaControls,48,6.69232,0.109629
MediaControls,48,6.8732,0.0972654
MediaControls,48,7.05407,0.0903892
MediaControls,48,7.23494,0.0805153
MediaControls,49,0,0
MediaControls,49,0.502687,6.08779
MediaControls,49,1.00537,8.35519
MediaControls,49,1.50806,9.58998
MediaControls,49,2.01075,10.3244
MediaControls,49,2.51343,10.8251
MediaControls,49,3.01612,10.7194
MediaControls,49,3.51881,9.30917
MediaControls,49,4.02149,7.3272
MediaControls,49,4.52418,5.57296
MediaControls,49,5.02687,4.40094
MediaControls,49,5.52955,3.38372
MediaControls,49,6.03224,2.58487
MediaControls,49,6.53493,1.99918
MediaControls,49,7.03761,1.56036
MediaControls,49,7.5403,1.26316
MediaControls,49,8.04299,1.04959
MediaControls,49,8.54567,0.894122
MediaControls,49,9.04836,0.749727
MediaControls,49,9.55105,0.665507
MediaControls,49,10.0537,0.583346
MediaControls,49,10.5564,0.503953
MediaControls,49,11.0591,0.413966
MediaControls,49,11.5618,0.342523
MediaControls,49,12.0645,0.278905
MediaControls,49,12.5672,0.216565
MediaControls,49,13.0699,0.173142
MediaControls,49,13.5725,0.145566
MediaControls,49,14.0752,0.121858
MediaControls,49,14.5779,0.0992503
MediaControls,49,15.0806,0.0797835
MediaControls,49,15.5833,0.0614525
MediaControls,49,16.086,0.0533073
MediaControls,49,16.5887,0.0464931
MediaControls,49,17.0913,0.0431924
MediaControls,49,17.594,0.0371057
MediaControls,49,18.0967,0.0334857
MediaControls,49,18.5994,0.029351
MediaControls,49,19.1021,0.0279668
MediaControls,49,19.6048,0.0240451
MediaControls,49,20.1075,0.0221463
MediaControls,50,0,0
MediaControls,50,1.32034,0.000106989
MediaControls,50,2.64068,5.35E-05
MediaControls,50,3.96102,8.02E-05
MediaControls,50,5.28136,8.02E-05
MediaControls,50,6.6017,8.02E-05
MediaControls,50,7.92204,0.00029422
MediaControls,50,9.24239,0.000213978
MediaControls,50,10.5627,0.000401208
MediaControls,50,11.8831,0.00112338
MediaControls,50,13.2034,0.00139086
MediaControls,50,14.5237,0.00235376
MediaControls,50,15.8441,0.0091743
MediaControls,50,17.1644,0.181908
MediaControls,50,18.4848,3.23272
MediaControls,50,19.8051,10.0612
MediaControls,50,21.1255,12.6706
MediaControls,50,22.4458,13.6569
MediaControls,50,23.7661,13.7662
MediaControls,50,25.0865,13.0902
MediaControls,50,26.4068,10.9261
MediaControls,50,27.7272,7.88428
MediaControls,50,29.0475,4.72212
MediaControls,50,30.3678,2.95776
MediaControls,50,31.6882,2.21751
MediaControls,50,33.0085,1.67601
MediaControls,50,34.3289,1.13197
MediaControls,50,35.6492,0.718591
MediaControls,50,36.9695,0.47701
MediaControls,50,38.2899,0.297215
MediaControls,50,39.6102,0.181507
MediaControls,50,40.9306,0.0869285
MediaControls,50,42.2509,0.0298232
MediaControls,50,43.5712,0.0105652
MediaControls,50,44.8916,0.00379811
MediaControls,50,46.2119,0.00216653
MediaControls,50,47.5323,0.00101639
MediaControls,50,48.8526,0.000374461
MediaControls,50,50.173,8.02E-05
MediaControls,50,51.4933,2.67E-05
MediaControls,50,52.8136,0
MediaControls,51,0,0
MediaControls,51,0.456974,0.0200259
MediaControls,51,0.913948,0.0355289
MediaControls,51,1.37092,0.0612491
MediaControls,51,1.8279,0.107813
MediaControls,51,2.28487,0.236904
MediaControls,51,2.74184,0.890428
MediaControls,51,3.19882,3.5382
MediaControls,51,3.65579,9.32502
MediaControls,51,4.11277,15.8786
MediaControls,51,4.56974,20.0469
MediaControls,51,5.02671,20.0119
MediaControls,51,5.48369,15.8223
MediaControls,51,5.94066,9.06313
MediaControls,51,6.39763,3.47995
MediaControls,51,6.85461,1.01903
MediaControls,51,7.31158,0.292541
MediaControls,51,7.76856,0.0971049
MediaControls,51,8.22553,0.0392888
MediaControls,51,8.6825,0.0185818
MediaControls,51,9.13948,0.00822831
MediaControls,51,9.59645,0.00392343
MediaControls,51,10.0534,0.00174375
MediaControls,51,10.5104,0.000735644
MediaControls,51,10.9674,0.000326953
MediaControls,51,11.4243,8.17E-05
MediaControls,51,11.8813,0.000163476
MediaControls,51,12.3383,5.45E-05
MediaControls,51,12.7953,0.000108984
MediaControls,51,13.2522,2.72E-05
MediaControls,51,13.7092,0
MediaControls,51,14.1662,2.72E-05
MediaControls,51,14.6232,5.45E-05
MediaControls,51,15.0801,0
MediaControls,51,15.5371,2.72E-05
MediaControls,51,15.9941,0
MediaControls,51,16.4511,0
MediaControls,51,16.908,2.72E-05
MediaControls,51,17.365,0
MediaControls,51,17.822,0
MediaControls,51,18.279,0
MediaControls,52,0,0
MediaControls,52,0.724865,0.00602139
MediaControls,52,1.44973,0.011317
MediaControls,52,2.17459,0.0197308
MediaControls,52,2.89946,0.028736
MediaControls,52,3.62432,0.045026
MediaControls,52,4.34919,0.121906
MediaControls,52,5.07405,0.809716
MediaControls,52,5.79892,3.65332
MediaControls,52,6.52378,9.59399
MediaControls,52,7.24865,18.535
MediaControls,52,7.97351,22.5882
MediaControls,52,8.69838,21.7051
MediaControls,52,9.42324,13.4925
MediaControls,52,10.1481,4.30645
MediaControls,52,10.873,1.72752
MediaControls,52,11.5978,1.07683
MediaControls,52,12.3227,0.668402
MediaControls,52,13.0476,0.449266
MediaControls,52,13.7724,0.325585
MediaControls,52,14.4973,0.259458
MediaControls,52,15.2222,0.192765
MediaControls,52,15.947,0.15325
MediaControls,52,16.6719,0.117632
MediaControls,52,17.3968,0.0714772
MediaControls,52,18.1216,0.0262361
MediaControls,52,18.8465,0.00733857
MediaControls,52,19.5714,0.00220426
MediaControls,52,20.2962,0.0014247
MediaControls,52,21.0211,0.00112901
MediaControls,52,21.7459,0.000645149
MediaControls,52,22.4708,0.0004301
MediaControls,52,23.1957,0.000403218
MediaControls,52,23.9205,0.000241931
MediaControls,52,24.6454,0.000268812
MediaControls,52,25.3703,0.00021505
MediaControls,52,26.0951,0.000161287
MediaControls,52,26.82,8.06E-05
MediaControls,52,27.5449,8.06E-05
MediaControls,52,28.2697,0
MediaControls,52,28.9946,2.69E-05
MediaControls,53,0,0
MediaControls,53,0.745794,0.0130015
MediaControls,53,1.49159,0.0579131
MediaControls,53,2.23738,0.299036
MediaControls,53,2.98318,1.32316
MediaControls,53,3.72897,3.68606
MediaControls,53,4.47476,6.40414
MediaControls,53,5.22056,8.37831
MediaControls,53,5.96635,9.08193
MediaControls,53,6.71215,8.9866
MediaControls,53,7.45794,8.60106
MediaControls,53,8.20373,7.66766
MediaControls,53,8.94953,6.6206
MediaControls,53,9.69532,5.60114
MediaControls,53,10.4411,4.77891
MediaControls,53,11.1869,4.01629
MediaControls,53,11.9327,3.42569
MediaControls,53,12.6785,3.00214
MediaControls,53,13.4243,2.55365
MediaControls,53,14.1701,2.15894
MediaControls,53,14.9159,1.86175
MediaControls,53,15.6617,1.60416
MediaControls,53,16.4075,1.4333
MediaControls,53,17.1533,1.29725
MediaControls,53,17.8991,1.17023
MediaControls,53,18.6448,1.03403
MediaControls,53,19.3906,0.949301
MediaControls,53,20.1364,0.868666
MediaControls,53,20.8822,0.756778
MediaControls,53,21.628,0.655047
MediaControls,53,22.3738,0.536908
MediaControls,53,23.1196,0.414424
MediaControls,53,23.8654,0.293847
MediaControls,53,24.6112,0.204118
MediaControls,53,25.357,0.139329
MediaControls,53,26.1028,0.0813847
MediaControls,53,26.8486,0.0312225
MediaControls,53,27.5944,0.00968865
MediaControls,53,28.3402,0.00193773
MediaControls,53,29.086,0.000343791
MediaControls,53,29.8318,3.13E-05
MediaControls,54,0,0
MediaControls,54,0.610932,0.00100041
MediaControls,54,1.22186,0.00147429
MediaControls,54,1.8328,0.00313286
MediaControls,54,2.44373,0.00500204
MediaControls,54,3.05466,0.00824021
MediaControls,54,3.66559,0.0227198
MediaControls,54,4.27652,0.11352
MediaControls,54,4.88745,0.863879
MediaControls,54,5.49839,3.12588
MediaControls,54,6.10932,6.09512
MediaControls,54,6.72025,8.61202
MediaControls,54,7.33118,9.99672
MediaControls,54,7.94211,11.2275
MediaControls,54,8.55304,11.8076
MediaControls,54,9.16398,12.1622
MediaControls,54,9.77491,12.5732
MediaControls,54,10.3858,10.9179
MediaControls,54,10.9968,5.99437
MediaControls,54,11.6077,2.16217
MediaControls,54,12.2186,0.926695
MediaControls,54,12.8296,0.528927
MediaControls,54,13.4405,0.399479
MediaControls,54,14.0514,0.348721
MediaControls,54,14.6624,0.31218
MediaControls,54,15.2733,0.2833
MediaControls,54,15.8842,0.254393
MediaControls,54,16.4952,0.233832
MediaControls,54,17.1061,0.226856
MediaControls,54,17.717,0.199345
MediaControls,54,18.328,0.159592
MediaControls,54,18.9389,0.12413
MediaControls,54,19.5498,0.0949862
MediaControls,54,20.1607,0.0757415
MediaControls,54,20.7717,0.0605511
MediaControls,54,21.3826,0.0403849
MediaControls,54,21.9935,0.0240888
MediaControls,54,22.6045,0.01032
MediaControls,54,23.2154,0.00250102
MediaControls,54,23.8263,0.000210612
MediaControls,54,24.4373,0
MediaControls,55,0,0
MediaControls,55,0.439112,0.021402
MediaControls,55,0.878224,0.0240837
MediaControls,55,1.31734,0.030162
MediaControls,55,1.75645,0.0353465
MediaControls,55,2.19556,0.0698247
MediaControls,55,2.63467,0.254551
MediaControls,55,3.07378,0.989218
MediaControls,55,3.51289,2.76673
MediaControls,55,3.95201,5.60388
MediaControls,55,4.39112,8.6385
MediaControls,55,4.83023,11.9537
MediaControls,55,5.26934,13.808
MediaControls,55,5.70845,15.111
MediaControls,55,6.14756,15.0048
MediaControls,55,6.58668,10.2493
MediaControls,55,7.02579,4.61517
MediaControls,55,7.4649,2.32289
MediaControls,55,7.90401,1.54971
MediaControls,55,8.34312,1.19961
MediaControls,55,8.78224,0.95004
MediaControls,55,9.22135,0.74432
MediaControls,55,9.66046,0.597877
MediaControls,55,10.0996,0.489412
MediaControls,55,10.5387,0.375429
MediaControls,55,10.9778,0.28124
MediaControls,55,11.4169,0.240351
MediaControls,55,11.856,0.224006
MediaControls,55,12.2951,0.216957
MediaControls,55,12.7342,0.190115
MediaControls,55,13.1734,0.177192
MediaControls,55,13.6125,0.178469
MediaControls,55,14.0516,0.159238
MediaControls,55,14.4907,0.141105
MediaControls,55,14.9298,0.130583
MediaControls,55,15.3689,0.121184
MediaControls,55,15.808,0.105171
MediaControls,55,16.2471,0.110943
MediaControls,55,16.6862,0.11743
MediaControls,55,17.1254,0.105759
MediaControls,55,17.5645,0.0933976
MediaControls,56,0,0
MediaControls,56,0.470458,0.00884284
MediaControls,56,0.940917,0.0151986
MediaControls,56,1.41138,0.0299199
MediaControls,56,1.88183,0.0572775
MediaControls,56,2.35229,0.111942
MediaControls,56,2.82275,0.247474
MediaControls,56,3.29321,0.654772
MediaControls,56,3.76367,1.88546
MediaControls,56,4.23413,4.4897
MediaControls,56,4.70458,8.9484
MediaControls,56,5.17504,14.2627
MediaControls,56,5.6455,16.8018
MediaControls,56,6.11596,14.1582
MediaControls,56,6.58642,9.18809
MediaControls,56,7.05688,5.53946
MediaControls,56,7.52733,3.57994
MediaControls,56,7.99779,2.64396
MediaControls,56,8.46825,2.13532
MediaControls,56,8.93871,1.78927
MediaControls,56,9.40917,1.56086
MediaControls,56,9.87963,1.38031
MediaControls,56,10.3501,1.20946
MediaControls,56,10.8205,1.04654
MediaControls,56,11.291,0.934427
MediaControls,56,11.7615,0.819621
MediaControls,56,12.2319,0.742346
MediaControls,56,12.7024,0.68218
MediaControls,56,13.1728,0.615808
MediaControls,56,13.6433,0.553004
MediaControls,56,14.1138,0.490652
MediaControls,56,14.5842,0.45008
MediaControls,56,15.0547,0.421567
MediaControls,56,15.5251,0.396395
MediaControls,56,15.9956,0.372203
MediaControls,56,16.466,0.364642
MediaControls,56,16.9365,0.337008
MediaControls,56,17.407,0.31176
MediaControls,56,17.8774,0.273902
MediaControls,56,18.3479,0.275083
MediaControls,56,18.8183,0.211148
MediaControls,57,0,0
MediaControls,57,0.284556,0.0138874
MediaControls,57,0.569112,0.0369559
MediaControls,57,0.853667,0.101455
MediaControls,57,1.13822,0.276153
MediaControls,57,1.42278,0.706457
MediaControls,57,1.70733,1.56459
MediaControls,57,1.99189,3.18412
MediaControls,57,2.27645,5.57479
MediaControls,57,2.561,8.37968
MediaControls,57,2.84556,11.2468
MediaControls,57,3.13011,12.6285
MediaControls,57,3.41467,12.9073
MediaControls,57,3.69923,11.825
MediaControls,57,3.98378,9.66812
MediaControls,57,4.26834,7.08717
MediaControls,57,4.55289,4.59225
MediaControls,57,4.83745,2.72694
MediaControls,57,5.122,1.61433
MediaControls,57,5.40656,1.02975
MediaControls,57,5.69112,0.735492
MediaControls,57,5.97567,0.548501
MediaControls,57,6.26023,0.437401
MediaControls,57,6.54478,0.361638
MediaControls,57,6.82934,0.305188
MediaControls,57,7.1139,0.275459
MediaControls,57,7.39845,0.24483
MediaControls,57,7.68301,0.219215
MediaControls,57,7.96756,0.199618
MediaControls,57,8.25212,0.184522
MediaControls,57,8.53667,0.175264
MediaControls,57,8.82123,0.162122
MediaControls,57,9.10579,0.157236
MediaControls,57,9.39034,0.151655
MediaControls,57,9.6749,0.148184
MediaControls,57,9.95945,0.130902
MediaControls,57,10.244,0.116963
MediaControls,57,10.5286,0.0957459
MediaControls,57,10.8131,0.0818585
MediaControls,57,11.0977,0.0661451
MediaControls,57,11.3822,0.0374445
MediaControls,58,0,0
MediaControls,58,0.345437,0.0274181
MediaControls,58,0.690874,0.0671015
MediaControls,58,1.03631,0.159979
MediaControls,58,1.38175,0.381443
MediaControls,58,1.72718,0.82914
MediaControls,58,2.07262,1.62188
MediaControls,58,2.41806,2.77569
MediaControls,58,2.76349,4.38751
MediaControls,58,3.10893,6.5408
MediaControls,58,3.45437,8.9195
MediaControls,58,3.79981,11.4945
MediaControls,58,4.14524,13.0414
MediaControls,58,4.49068,13.4046
MediaControls,58,4.83612,11.4385
MediaControls,58,5.18155,8.4172
MediaControls,58,5.52699,5.40706
MediaControls,58,5.87243,3.08654
MediaControls,58,6.21786,1.82054
MediaControls,58,6.5633,1.12658
MediaControls,58,6.90874,0.774038
MediaControls,58,7.25417,0.563912
MediaControls,58,7.59961,0.428676
MediaControls,58,7.94505,0.356753
MediaControls,58,8.29048,0.298738
MediaControls,58,8.63592,0.26226
MediaControls,58,8.98136,0.239399
MediaControls,58,9.3268,0.219239
MediaControls,58,9.67223,0.211
MediaControls,58,10.0177,0.19598
MediaControls,58,10.3631,0.195238
MediaControls,58,10.7085,0.175741
MediaControls,58,11.054,0.165595
MediaControls,58,11.3994,0.154839
MediaControls,58,11.7449,0.141276
MediaControls,58,12.0903,0.129408
MediaControls,58,12.4357,0.117063
MediaControls,58,12.7812,0.106944
MediaControls,58,13.1266,0.107792
MediaControls,58,13.472,0.118785
MediaControls,58,13.8175,0.0881618
MediaControls,59,0,0
MediaControls,59,0.497617,0.0142944
MediaControls,59,0.995233,0.0252962
MediaControls,59,1.49285,0.03769
MediaControls,59,1.99047,0.061273
MediaControls,59,2.48808,0.0950548
MediaControls,59,2.9857,0.144416
MediaControls,59,3.48332,0.230182
MediaControls,59,3.98093,0.371171
MediaControls,59,4.47855,0.73723
MediaControls,59,4.97617,1.79541
MediaControls,59,5.47378,4.8184
MediaControls,59,5.9714,11.3956
MediaControls,59,6.46902,20.3707
MediaControls,59,6.96663,24.3902
MediaControls,59,7.46425,17.7656
MediaControls,59,7.96187,8.64268
MediaControls,59,8.45948,3.68109
MediaControls,59,8.9571,1.83094
MediaControls,59,9.45472,1.07036
MediaControls,59,9.95233,0.684148
MediaControls,59,10.45,0.487587
MediaControls,59,10.9476,0.377087
MediaControls,59,11.4452,0.293971
MediaControls,59,11.9428,0.234706
MediaControls,59,12.4404,0.182293
MediaControls,59,12.938,0.125464
MediaControls,59,13.4357,0.072944
MediaControls,59,13.9333,0.0332197
MediaControls,59,14.4309,0.0139464
MediaControls,59,14.9285,0.00623705
MediaControls,59,15.4261,0.00321221
MediaControls,59,15.9237,0.00200763
MediaControls,59,16.4214,0.00171318
MediaControls,59,16.919,0.00112428
MediaControls,59,17.4166,0.000803054
MediaControls,59,17.9142,0.000588906
MediaControls,59,18.4118,0.000588906
MediaControls,59,18.9094,0.000321221
MediaControls,59,19.4071,0.000321221
MediaControls,59,19.9047,8.03E-05
MediaControls,60,0,0
MediaControls,60,0.307497,0.000152611
MediaControls,60,0.614993,0.000279787
MediaControls,60,0.92249,0.000585008
MediaControls,60,1.22999,0.000864795
MediaControls,60,1.53748,0.0014498
MediaControls,60,1.84498,0.00251808
MediaControls,60,2.15248,0.00409506
MediaControls,60,2.45997,0.00661314
MediaControls,60,2.76747,0.0126413
MediaControls,60,3.07497,0.021569
MediaControls,60,3.38246,0.0395262
MediaControls,60,3.68996,0.0871662
MediaControls,60,3.99746,0.322111
MediaControls,60,4.30495,1.49765
MediaControls,60,4.61245,5.17175
MediaControls,60,4.91995,11.7481
MediaControls,60,5.22744,17.8633
MediaControls,60,5.53494,20.6489
MediaControls,60,5.84243,17.0634
MediaControls,60,6.14993,10.7244
MediaControls,60,6.45743,5.31671
MediaControls,60,6.76492,2.56753
MediaControls,60,7.07242,1.59918
MediaControls,60,7.37992,1.10129
MediaControls,60,7.68741,0.81189
MediaControls,60,7.99491,0.610698
MediaControls,60,8.30241,0.451169
MediaControls,60,8.6099,0.359144
MediaControls,60,8.9174,0.284899
MediaControls,60,9.2249,0.237106
MediaControls,60,9.53239,0.20778
MediaControls,60,9.83989,0.191832
MediaControls,60,10.1474,0.173137
MediaControls,60,10.4549,0.151721
MediaControls,60,10.7624,0.137858
MediaControls,60,11.0699,0.125548
MediaControls,60,11.3774,0.116696
MediaControls,60,11.6849,0.119621
MediaControls,60,11.9924,0.122089
MediaControls,60,12.2999,0.0943135
MediaControls,61,0,0
MediaControls,61,0.699054,0.000845077
MediaControls,61,1.39811,0.00113557
MediaControls,61,2.09716,0.00190142
MediaControls,61,2.79622,0.00221833
MediaControls,61,3.49527,0.00245601
MediaControls,61,4.19433,0.00398771
MediaControls,61,4.89338,0.00528173
MediaControls,61,5.59243,0.00734161
MediaControls,61,6.29149,0.0132043
MediaControls,61,6.99054,0.0253787
MediaControls,61,7.6896,0.0812595
MediaControls,61,8.38865,0.765297
MediaControls,61,9.08771,7.20811
MediaControls,61,9.78676,20.6563
MediaControls,61,10.4858,26.9724
MediaControls,61,11.1849,23.0439
MediaControls,61,11.8839,10.6255
MediaControls,61,12.583,3.6472
MediaControls,61,13.282,1.84591
MediaControls,61,13.9811,1.12361
MediaControls,61,14.6801,0.752198
MediaControls,61,15.3792,0.518746
MediaControls,61,16.0782,0.407459
MediaControls,61,16.7773,0.35863
MediaControls,61,17.4764,0.322291
MediaControls,61,18.1754,0.284738
MediaControls,61,18.8745,0.254263
MediaControls,61,19.5735,0.228197
MediaControls,61,20.2726,0.196982
MediaControls,61,20.9716,0.175248
MediaControls,61,21.6707,0.151031
MediaControls,61,22.3697,0.124807
MediaControls,61,23.0688,0.0934603
MediaControls,61,23.7678,0.0621396
MediaControls,61,24.4669,0.0307133
MediaControls,61,25.166,0.00538737
MediaControls,61,25.865,0.000369721
MediaControls,61,26.5641,5.28E-05
MediaControls,61,27.2631,2.64E-05
MediaControls,61,27.9622,2.64E-05
MediaControls,62,0,0
MediaControls,62,0.399137,0.0214867
MediaControls,62,0.798275,0.0916522
MediaControls,62,1.19741,0.402725
MediaControls,62,1.59655,1.26711
MediaControls,62,1.99569,2.54135
MediaControls,62,2.39482,4.3774
MediaControls,62,2.79396,6.77721
MediaControls,62,3.1931,9.01769
MediaControls,62,3.59224,11.5552
MediaControls,62,3.99137,13.0822
MediaControls,62,4.39051,11.4146
MediaControls,62,4.78965,9.71764
MediaControls,62,5.18879,8.85189
MediaControls,62,5.58792,6.88347
MediaControls,62,5.98706,4.27051
MediaControls,62,6.3862,2.41083
MediaControls,62,6.78534,1.39198
MediaControls,62,7.18447,0.961196
MediaControls,62,7.58361,0.712019
MediaControls,62,7.98275,0.537717
MediaControls,62,8.38188,0.422694
MediaControls,62,8.78102,0.348629
MediaControls,62,9.18016,0.297307
MediaControls,62,9.5793,0.265038
MediaControls,62,9.97843,0.23884
MediaControls,62,10.3776,0.216176
MediaControls,62,10.7767,0.201153
MediaControls,62,11.1758,0.193773
MediaControls,62,11.575,0.176395
MediaControls,62,11.9741,0.167104
MediaControls,62,12.3733,0.152422
MediaControls,62,12.7724,0.148732
MediaControls,62,13.1715,0.141666
MediaControls,62,13.5707,0.130255
MediaControls,62,13.9698,0.120938
MediaControls,62,14.3689,0.102252
MediaControls,62,14.7681,0.0954994
MediaControls,62,15.1672,0.0914951
MediaControls,62,15.5664,0.10288
MediaControls,62,15.9655,0.0980642
MediaControls,63,0,0
MediaControls,63,0.277771,0.0224877
MediaControls,63,0.555542,0.0464921
MediaControls,63,0.833313,0.103182
MediaControls,63,1.11108,0.301257
MediaControls,63,1.38886,0.770152
MediaControls,63,1.66663,1.51002
MediaControls,63,1.9444,2.33901
MediaControls,63,2.22217,3.37726
MediaControls,63,2.49994,4.89393
MediaControls,63,2.77771,6.93927
MediaControls,63,3.05548,8.99117
MediaControls,63,3.33325,10.3139
MediaControls,63,3.61102,10.4227
MediaControls,63,3.8888,9.71041
MediaControls,63,4.16657,8.60579
MediaControls,63,4.44434,7.31536
MediaControls,63,4.72211,5.92193
MediaControls,63,4.99988,4.4191
MediaControls,63,5.27765,3.10271
MediaControls,63,5.55542,2.16306
MediaControls,63,5.83319,1.53874
MediaControls,63,6.11097,1.16824
MediaControls,63,6.38874,0.965194
MediaControls,63,6.66651,0.827104
MediaControls,63,6.94428,0.700623
MediaControls,63,7.22205,0.595689
MediaControls,63,7.49982,0.485735
MediaControls,63,7.77759,0.399863
MediaControls,63,8.05536,0.342624
MediaControls,63,8.33313,0.28936
MediaControls,63,8.61091,0.24692
MediaControls,63,8.88868,0.193447
MediaControls,63,9.16645,0.162042
MediaControls,63,9.44422,0.140888
MediaControls,63,9.72199,0.126716
MediaControls,63,9.99976,0.117459
MediaControls,63,10.2775,0.104097
MediaControls,63,10.5553,0.108987
MediaControls,63,10.8331,0.118636
MediaControls,63,11.1108,0.0962789
MediaControls,64,0,0
MediaControls,64,0.282847,0.00463535
MediaControls,64,0.565693,0.0081847
MediaControls,64,0.84854,0.0146742
MediaControls,64,1.13139,0.0310966
MediaControls,64,1.41423,0.0816351
MediaControls,64,1.69708,0.243343
MediaControls,64,1.97993,0.738133
MediaControls,64,2.26277,1.95577
MediaControls,64,2.54562,3.81126
MediaControls,64,2.82847,6.2716
MediaControls,64,3.11131,8.71655
MediaControls,64,3.39416,10.5846
MediaControls,64,3.67701,11.4354
MediaControls,64,3.95985,11.3645
MediaControls,64,4.2427,10.0792
MediaControls,64,4.52555,8.09718
MediaControls,64,4.80839,6.33088
MediaControls,64,5.09124,4.92743
MediaControls,64,5.37409,3.35978
MediaControls,64,5.65693,2.33778
MediaControls,64,5.93978,1.71775
MediaControls,64,6.22263,1.31747
MediaControls,64,6.50547,1.05959
MediaControls,64,6.78832,0.879868
MediaControls,64,7.07117,0.729789
MediaControls,64,7.35401,0.619547
MediaControls,64,7.63686,0.522841
MediaControls,64,7.91971,0.462608
MediaControls,64,8.20256,0.372152
MediaControls,64,8.4854,0.305456
MediaControls,64,8.76825,0.262255
MediaControls,64,9.0511,0.222868
MediaControls,64,9.33394,0.191241
MediaControls,64,9.61679,0.168939
MediaControls,64,9.89964,0.149338
MediaControls,64,10.1825,0.138266
MediaControls,64,10.4653,0.125207
MediaControls,64,10.7482,0.132677
MediaControls,64,11.031,0.130002
MediaControls,64,11.3139,0.0963623
MediaControls,65,0,0
MediaControls,65,0.552728,0.00245523
MediaControls,65,1.10546,0.00565446
MediaControls,65,1.65818,0.00729128
MediaControls,65,2.21091,0.0097961
MediaControls,65,2.76364,0.0154754
MediaControls,65,3.31637,0.0249243
MediaControls,65,3.8691,0.0482117
MediaControls,65,4.42183,0.125688
MediaControls,65,4.97455,0.485118
MediaControls,65,5.52728,2.34434
MediaControls,65,6.08001,7.93266
MediaControls,65,6.63274,15.512
MediaControls,65,7.18547,21.2334
MediaControls,65,7.7382,21.7485
MediaControls,65,8.29092,15.9589
MediaControls,65,8.84365,8.24936
MediaControls,65,9.39638,3.23591
MediaControls,65,9.94911,1.30132
MediaControls,65,10.5018,0.653487
MediaControls,65,11.0546,0.378849
MediaControls,65,11.6073,0.20981
MediaControls,65,12.16,0.118793
MediaControls,65,12.7128,0.0672583
MediaControls,65,13.2655,0.0438221
MediaControls,65,13.8182,0.0359852
MediaControls,65,14.3709,0.0300331
MediaControls,65,14.9237,0.0253707
MediaControls,65,15.4764,0.0243787
MediaControls,65,16.0291,0.0214522
MediaControls,65,16.5818,0.0191458
MediaControls,65,17.1346,0.0175586
MediaControls,65,17.6873,0.0147562
MediaControls,65,18.24,0.0140865
MediaControls,65,18.7928,0.0148554
MediaControls,65,19.3455,0.0133921
MediaControls,65,19.8982,0.0115073
MediaControls,65,20.4509,0.0115817
MediaControls,65,21.0037,0.0118545
MediaControls,65,21.5564,0.0112841
MediaControls,65,22.1091,0.0094241
MediaControls,66,0,0
MediaControls,66,0.819055,0.000175268
MediaControls,66,1.63811,0.000450688
MediaControls,66,2.45716,0.000475726
MediaControls,66,3.27622,0.000801223
MediaControls,66,4.09527,0.00245375
MediaControls,66,4.91433,0.0134956
MediaControls,66,5.73338,0.200306
MediaControls,66,6.55244,2.23817
MediaControls,66,7.37149,7.67825
MediaControls,66,8.19055,11.6193
MediaControls,66,9.0096,12.6969
MediaControls,66,9.82866,12.3244
MediaControls,66,10.6477,11.4666
MediaControls,66,11.4668,10.7284
MediaControls,66,12.2858,8.16261
MediaControls,66,13.1049,4.98559
MediaControls,66,13.9239,3.00984
MediaControls,66,14.743,2.31674
MediaControls,66,15.562,1.89249
MediaControls,66,16.3811,1.59601
MediaControls,66,17.2002,1.39941
MediaControls,66,18.0192,1.22174
MediaControls,66,18.8383,1.04427
MediaControls,66,19.6573,0.888081
MediaControls,66,20.4764,0.751898
MediaControls,66,21.2954,0.599866
MediaControls,66,22.1145,0.449887
MediaControls,66,22.9335,0.369514
MediaControls,66,23.7526,0.344751
MediaControls,66,24.5716,0.300884
MediaControls,66,25.3907,0.282531
MediaControls,66,26.2098,0.252736
MediaControls,66,27.0288,0.226871
MediaControls,66,27.8479,0.203385
MediaControls,66,28.6669,0.18318
MediaControls,66,29.486,0.165903
MediaControls,66,30.305,0.146924
MediaControls,66,31.1241,0.111746
MediaControls,66,31.9431,0.0845791
MediaControls,66,32.7622,0.0380831
MediaControls,67,0,0
MediaControls,67,0.427668,0.00721456
MediaControls,67,0.855337,0.0100489
MediaControls,67,1.283,0.0129862
MediaControls,67,1.71067,0.0180106
MediaControls,67,2.13834,0.0257405
MediaControls,67,2.56601,0.0326717
MediaControls,67,2.99368,0.0417672
MediaControls,67,3.42135,0.0572269
MediaControls,67,3.84901,0.0777884
MediaControls,67,4.27668,0.122467
MediaControls,67,4.70435,0.255086
MediaControls,67,5.13202,0.75673
MediaControls,67,5.55969,2.06677
MediaControls,67,5.98736,4.43995
MediaControls,67,6.41502,8.08771
MediaControls,67,6.84269,13.3756
MediaControls,67,7.27036,16.8719
MediaControls,67,7.69803,17.1436
MediaControls,67,8.1257,13.8314
MediaControls,67,8.55337,8.60942
MediaControls,67,8.98103,4.01591
MediaControls,67,9.4087,1.99743
MediaControls,67,9.83637,1.4283
MediaControls,67,10.264,1.14894
MediaControls,67,10.6917,0.923928
MediaControls,67,11.1194,0.75704
MediaControls,67,11.547,0.623493
MediaControls,67,11.9747,0.542612
MediaControls,67,12.4024,0.477578
MediaControls,67,12.83,0.407597
MediaControls,67,13.2577,0.333802
MediaControls,67,13.6854,0.266836
MediaControls,67,14.1131,0.210253
MediaControls,67,14.5407,0.180648
MediaControls,67,14.9684,0.17065
MediaControls,67,15.3961,0.156247
MediaControls,67,15.8237,0.146842
MediaControls,67,16.2514,0.130841
MediaControls,67,16.6791,0.122519
MediaControls,67,17.1067,0.112702
MediaControls,68,0,0
MediaControls,68,0.400015,0.0119268
MediaControls,68,0.800029,0.0327852
MediaControls,68,1.20004,0.125177
MediaControls,68,1.60006,0.595852
MediaControls,68,2.00007,1.69124
MediaControls,68,2.40009,3.34091
MediaControls,68,2.8001,6.03221
MediaControls,68,3.20012,9.15524
MediaControls,68,3.60013,11.5266
MediaControls,68,4.00015,13.1177
MediaControls,68,4.40016,12.2748
MediaControls,68,4.80018,9.94873
MediaControls,68,5.20019,8.9563
MediaControls,68,5.6002,7.91463
MediaControls,68,6.00022,5.55742
MediaControls,68,6.40023,3.09905
MediaControls,68,6.80025,1.47446
MediaControls,68,7.20026,0.752181
MediaControls,68,7.60028,0.489491
MediaControls,68,8.00029,0.382122
MediaControls,68,8.40031,0.331719
MediaControls,68,8.80032,0.303508
MediaControls,68,9.20034,0.282704
MediaControls,68,9.60035,0.260212
MediaControls,68,10.0004,0.241478
MediaControls,68,10.4004,0.214874
MediaControls,68,10.8004,0.201204
MediaControls,68,11.2004,0.192817
MediaControls,68,11.6004,0.17863
MediaControls,68,12.0004,0.165342
MediaControls,68,12.4005,0.15347
MediaControls,68,12.8005,0.145818
MediaControls,68,13.2005,0.136396
MediaControls,68,13.6005,0.127655
MediaControls,68,14.0005,0.117907
MediaControls,68,14.4005,0.103339
MediaControls,68,14.8005,0.0906222
MediaControls,68,15.2006,0.08681
MediaControls,68,15.6006,0.0967218
MediaControls,68,16.0006,0.0875724
